-- MySQL dump 10.13  Distrib 8.0.36, for Linux (x86_64)
--
-- Host: localhost    Database: map_db
-- ------------------------------------------------------
-- Server version	8.0.36-0ubuntu0.22.04.1

/*!40101 SET @OLD_CHARACTER_SET_CLIENT=@@CHARACTER_SET_CLIENT */;
/*!40101 SET @OLD_CHARACTER_SET_RESULTS=@@CHARACTER_SET_RESULTS */;
/*!40101 SET @OLD_COLLATION_CONNECTION=@@COLLATION_CONNECTION */;
/*!50503 SET NAMES utf8mb4 */;
/*!40103 SET @OLD_TIME_ZONE=@@TIME_ZONE */;
/*!40103 SET TIME_ZONE='+00:00' */;
/*!40014 SET @OLD_UNIQUE_CHECKS=@@UNIQUE_CHECKS, UNIQUE_CHECKS=0 */;
/*!40014 SET @OLD_FOREIGN_KEY_CHECKS=@@FOREIGN_KEY_CHECKS, FOREIGN_KEY_CHECKS=0 */;
/*!40101 SET @OLD_SQL_MODE=@@SQL_MODE, SQL_MODE='NO_AUTO_VALUE_ON_ZERO' */;
/*!40111 SET @OLD_SQL_NOTES=@@SQL_NOTES, SQL_NOTES=0 */;

--
-- Table structure for table `divisions`
--

DROP TABLE IF EXISTS `divisions`;
/*!40101 SET @saved_cs_client     = @@character_set_client */;
/*!50503 SET character_set_client = utf8mb4 */;
CREATE TABLE `divisions` (
  `id` int NOT NULL AUTO_INCREMENT,
  `name` varchar(255) NOT NULL,
  `lat` double NOT NULL,
  `lng` double NOT NULL,
  PRIMARY KEY (`id`),
  UNIQUE KEY `name` (`name`),
  UNIQUE KEY `lat` (`lat`),
  UNIQUE KEY `lng` (`lng`)
) ENGINE=InnoDB AUTO_INCREMENT=9 DEFAULT CHARSET=utf8mb4 COLLATE=utf8mb4_0900_ai_ci;
/*!40101 SET character_set_client = @saved_cs_client */;

--
-- Dumping data for table `divisions`
--

LOCK TABLES `divisions` WRITE;
/*!40000 ALTER TABLE `divisions` DISABLE KEYS */;
INSERT INTO `divisions` VALUES (1,'DHAKA',23.810332,90.412518),(2,'CHITTAGONG',22.356851,91.783182),(3,'KHULNA',22.845641,89.540328),(4,'BARISHAL',22.701002,90.353451),(5,'RAJSHAHI',24.363589,88.624135),(6,'RANGPUR',25.743892,89.275227),(7,'MYMENSINGH',24.747149,90.420273),(8,'SYLHET',24.894929,91.868706);
/*!40000 ALTER TABLE `divisions` ENABLE KEYS */;
UNLOCK TABLES;

--
-- Table structure for table `doctors`
--

DROP TABLE IF EXISTS `doctors`;
/*!40101 SET @saved_cs_client     = @@character_set_client */;
/*!50503 SET character_set_client = utf8mb4 */;
CREATE TABLE `doctors` (
  `id` int NOT NULL AUTO_INCREMENT,
  `name` varchar(255) NOT NULL,
  `bmdc` varchar(255) NOT NULL,
  PRIMARY KEY (`id`),
  UNIQUE KEY `bmdc` (`bmdc`)
) ENGINE=InnoDB AUTO_INCREMENT=161 DEFAULT CHARSET=utf8mb4 COLLATE=utf8mb4_0900_ai_ci;
/*!40101 SET character_set_client = @saved_cs_client */;

--
-- Dumping data for table `doctors`
--

LOCK TABLES `doctors` WRITE;
/*!40000 ALTER TABLE `doctors` DISABLE KEYS */;
INSERT INTO `doctors` VALUES (1,'Dr. Ashraful Islam','1051'),(2,'Dr. Zahid Hossain','1933'),(3,'Dr. Omar Ahmed','3418'),(4,'Dr. Rafi Khan','1294'),(5,'Dr. Anwar Ali','4214'),(6,'Dr. Alam Rahman','7189'),(7,'Dr. Shahid Karim','4304'),(8,'Dr. Rubel Uddin','7954'),(9,'Dr. Reza Miah','7859'),(10,'Dr. Hasan Chowdhury','5431'),(11,'Dr. Ashraful Islam','1000'),(12,'Dr. Zahid Hossain','1001'),(13,'Dr. Omar Ahmed','1002'),(14,'Dr. Fahmida Rahman','1003'),(15,'Dr. Saifur Rahman','1004'),(16,'Dr. Ayesha Siddiqua','1005'),(17,'Dr. Nasrin Akter','1006'),(18,'Dr. Kazi Hasan','1007'),(19,'Dr. Mahbubur Rahman','1008'),(20,'Dr. Taslima Begum','1009'),(21,'Dr. Anisur Rahman','1010'),(22,'Dr. Rasheda Chowdhury','1011'),(23,'Dr. Shamsul Alam','1012'),(24,'Dr. Farzana Haque','1013'),(25,'Dr. Golam Mostafa','1014'),(26,'Dr. Nilufa Yasmin','1015'),(27,'Dr. Zakir Hossain','1016'),(28,'Dr. Khaled Mahmud','1017'),(29,'Dr. Razia Sultana','1018'),(30,'Dr. Mahfuzur Rahman','1019'),(31,'Dr. Humayun Kabir','1020'),(32,'Dr. Ashraful Islam','1021'),(33,'Dr. Ashraful Islam','1022'),(34,'Dr. Nafis Rahman','1023'),(35,'Dr. Ayesha Siddiqui','1024'),(36,'Dr. Omar Farooq','1025'),(37,'Dr. Rehana Begum','1026'),(38,'Dr. Tahmid Karim','1027'),(39,'Dr. Nusrat Jahan','1028'),(40,'Dr. Hasan Mahmud','1029'),(41,'Dr. Kamal Ahmed','1030'),(42,'Dr. Saima Chowdhury','1031'),(43,'Dr. Ashraful Islam','1032'),(44,'Dr. Nafis Rahma','1033'),(45,'Dr. Ayesha Siddiqui','1034'),(46,'Dr. Omar Farooq','1035'),(47,'Dr. Rehana Begum','1036'),(48,'Dr. Tahmid Karim','1037'),(49,'Dr. Nusrat Jahan','1038'),(50,'Dr. Hasan Mahmud','1039'),(51,'Dr. Kamal Ahmed','1040'),(52,'Dr. Saima Chowdhury','1041'),(53,'Dr. Ashraful Islam','1042'),(54,'Dr. Nafis Rahman','1043'),(55,'Dr. Ayesha Siddiqu','1044'),(56,'Dr. Omar Farooq','1045'),(57,'Dr. Rehana Begum','1046'),(58,'Dr. Tahmid Karim','1047'),(59,'Dr. Nusrat Jahan','1048'),(60,'Dr. Hasan Mahmud','1049'),(61,'Dr. Kamal Ahmed','1050'),(62,'Dr. Asif Khan','1052'),(63,'Dr. John Doe','1053'),(64,'Dr. Jane Smith','1054'),(65,'Dr. Michael Johnson','1055'),(66,'Dr. Sarah Williams','1056'),(67,'Dr. Robert Brown','1057'),(68,'Dr. Maria Garcia','1058'),(69,'Dr. David Martinez','1059'),(70,'Dr. Laura Davis','1060'),(71,'Dr. Daniel Rodriguez','1061'),(72,'Dr. Jennifer Hernandez','1062'),(73,'Dr. James Wilson','1063'),(74,'Dr. Patricia Lopez','1064'),(75,'Dr. Richard Gonzalez','1065'),(76,'Dr. Linda Miller','1066'),(77,'Dr. William Nelson','1067'),(78,'Dr. Karen Martinez','1068'),(79,'Dr. Charles Anderson','1069'),(80,'Dr. Angela Lee','1070'),(81,'Dr. Mark Perez','1071'),(82,'Dr. Elizabeth Taylor','1072'),(83,'Dr. Matthew Brown','1073'),(84,'Dr. Susan Jackson','1074'),(85,'Dr. Christopher Harris','1075'),(86,'Dr. Amanda White','1076'),(87,'Dr. Paul Young','1077'),(88,'Dr. Kimberly Clark','1078'),(89,'Dr. Kenneth Lewis','1079'),(90,'Dr. Donna Hall','1080'),(91,'Dr. Joseph Allen','1081'),(92,'Dr. Lisa Moore','1082'),(93,'Dr. Steven King','1083'),(94,'Dr. Mary Hill','1084'),(95,'Dr. Brian Scott','1085'),(96,'Dr. Michelle Green','1086'),(97,'Dr. Ronald Carter','1087'),(98,'Dr. Cynthia Adams','1088'),(99,'Dr. Timothy Thomas','1089'),(100,'Dr. Jessica Thompson','1090'),(101,'Dr. Gary Walker','1091'),(102,'Dr. Ashley Hernandez','1092'),(103,'Dr. Kevin Perez','1093'),(104,'Dr. Pamela Young','1094'),(105,'Dr. Jason Lee','1095'),(106,'Dr. Sandra Wright','1096'),(107,'Dr. Edward White','1097'),(108,'Dr. Maria Lewis','1098'),(109,'Dr. Stephen Rodriguez','1099'),(110,'Dr. Brenda Taylor','1100'),(111,'Dr. Douglas Scott','1101'),(112,'Dr. Melissa King','1102'),(113,'Dr. Walter Hill','1103'),(114,'Dr. Stephanie Green','1104'),(115,'Dr. Gregory Carter','1105'),(116,'Dr. Michelle Adams','1106'),(117,'Dr. Joshua Thomas','1107'),(118,'Dr. Amanda Walker','1108'),(119,'Dr. Samuel Hernandez','1109'),(120,'Dr. Heather Perez','1110'),(121,'Dr. Benjamin Young','1111'),(122,'Dr. Sharon Lee','1112'),(123,'Dr. Ronald Wright','1113'),(124,'Dr. Christina White','1114'),(125,'Dr. Gerald Lewis','1115'),(126,'Dr. Amy Hill','1116'),(127,'Dr. Frank Scott','1117'),(128,'Dr. Katherine King','1118'),(129,'Dr. Randy Hill','1119'),(130,'Dr. Jacqueline Green','1120'),(131,'Dr. Philip Carter','1121'),(132,'Dr. Teresa Adams','1122'),(133,'Dr. Brandon Thomas','1123'),(134,'Dr. Virginia Walker','1124'),(135,'Dr. Rachel Hernandez','1125'),(136,'Dr. Albert Perez','1126'),(137,'Dr. Debra Young','1127'),(138,'Dr. Lawrence Lee','1128'),(139,'Dr. Nicole Wright','1129'),(140,'Dr. Louis White','1130'),(141,'Dr. Diana Lewis','1131'),(142,'Dr. Martin Hill','1132'),(143,'Dr. Julia Scott','1133'),(144,'Dr. Alan King','1134'),(145,'Dr. Jacqueline Hill','1135'),(146,'Dr. Keith Green','1136'),(147,'Dr. Janice Carter','1137'),(148,'Dr. Bruce Adams','1138'),(149,'Dr. Kathleen Thomas','1139'),(150,'Dr. Christopher Walker','1140'),(151,'Dr. Martha Hernandez','1141'),(152,'Dr. Terry Perez','1142'),(153,'Dr. Rebecca Young','1143'),(154,'Dr. Roy Lee','1144'),(155,'Dr. Margaret Wright','1145'),(156,'Dr. Lawrence White','1146'),(157,'Dr. Beverly Lewis','1147'),(158,'Dr. Adam Hill','1148'),(159,'Dr. Carol Scott','1149'),(160,'Dr. Gregory Hill','1150');
/*!40000 ALTER TABLE `doctors` ENABLE KEYS */;
UNLOCK TABLES;

--
-- Table structure for table `drugs`
--

DROP TABLE IF EXISTS `drugs`;
/*!40101 SET @saved_cs_client     = @@character_set_client */;
/*!50503 SET character_set_client = utf8mb4 */;
CREATE TABLE `drugs` (
  `id` int NOT NULL AUTO_INCREMENT,
  `drug_name` varchar(255) NOT NULL,
  `formula` varchar(255) DEFAULT NULL,
  `strength` varchar(255) DEFAULT NULL,
  `generic_id` int DEFAULT NULL,
  `vendor_id` int DEFAULT NULL,
  PRIMARY KEY (`id`),
  KEY `generic_id` (`generic_id`),
  KEY `vendor_id` (`vendor_id`),
  CONSTRAINT `drugs_ibfk_1` FOREIGN KEY (`generic_id`) REFERENCES `generics` (`id`),
  CONSTRAINT `drugs_ibfk_2` FOREIGN KEY (`vendor_id`) REFERENCES `vendors` (`id`)
) ENGINE=InnoDB AUTO_INCREMENT=347 DEFAULT CHARSET=utf8mb4 COLLATE=utf8mb4_0900_ai_ci;
/*!40101 SET character_set_client = @saved_cs_client */;

--
-- Dumping data for table `drugs`
--

LOCK TABLES `drugs` WRITE;
/*!40000 ALTER TABLE `drugs` DISABLE KEYS */;
INSERT INTO `drugs` VALUES (1,'Napa','Tablet','500mg',38,3),(2,'Abecab','Capsule','20mg',1,2),(3,'Diasulin','Liquid','100ml',1,3),(4,'Micoral','Injection','5ml',1,4),(5,'Abetis','Cream','100gm',1,5),(6,'Ibuprofen','Tablet','200mg',1,1),(7,'Amoxicillin','Capsule','500mg',2,2),(8,'Cetirizine','Liquid','5mg/5ml',3,3),(9,'Insulin Glargine','Injection','100U/ml',4,4),(10,'Clotrimazole','Cream','1%',5,5),(11,'Hydrocortisone','Ointment','2.5%',6,6),(12,'Monas','Tablet','500mg',7,7),(13,'Omeprazole','Capsule','20mg',8,8),(14,'Salbutamol','Inhaler','100mcg',9,9),(15,'Loratadine','Syrup','5mg/5ml',10,10),(16,'Paracetamol','Tablet','500mg',11,11),(17,'Aspirin','Tablet','81mg',12,1),(18,'Azithromycin','Tablet','250mg',13,2),(19,'Doxycycline','Capsule','100mg',14,3),(20,'Furosemide','Injection','10mg/ml',15,4),(21,'Gabapentin','Tablet','300mg',16,5),(22,'Lisinopril','Tablet','10mg',17,6),(23,'Montelukast','Tablet','10mg',18,7),(24,'Prednisolone','Liquid','15mg/5ml',19,8),(25,'Ranitidine','Tablet','150mg',20,9),(26,'Simvastatin','Tablet','20mg',1,10),(27,'Amlodipine','Tablet','5mg',2,11),(28,'Ciprofloxacin','Tablet','500mg',3,1),(29,'Fluconazole','Capsule','150mg',4,2),(30,'Ibuprofen','Suspension','100mg/5ml',5,3),(31,'Metronidazole','Tablet','400mg',6,4),(32,'Tramadol','Capsule','50mg',7,5),(33,'Duloxetine','Capsule','30mg',8,6),(34,'Gabapentin','Capsule','300mg',9,7),(35,'Levothyroxine','Tablet','50mcg',10,8),(36,'Metformin','Tablet','850mg',11,9),(37,'Naprosyn','Tablet','500mg',12,10),(38,'Sildenafil','Tablet','50mg',13,11),(39,'Tadalafil','Tablet','5mg',14,1),(40,'Atorvastatin','Tablet','10mg',15,2),(41,'Diclofenac','Gel','1%',16,3),(42,'Esomeprazole','Tablet','40mg',17,4),(43,'Folic Acid','Tablet','5mg',18,5),(44,'Glyburide','Tablet','5mg',19,6),(45,'Hydrochlorothiazide','Tablet','25mg',20,7),(46,'Ivermectin','Tablet','3mg',1,8),(47,'Lamotrigine','Tablet','100mg',2,9),(48,'Methylphenidate','Tablet','10mg',3,10),(49,'Nitrofurantoin','Capsule','100mg',4,11),(50,'Ondansetron','Tablet','8mg',5,1),(51,'Pantoprazole','Tablet','40mg',6,2),(52,'Quetiapine','Tablet','25mg',7,3),(53,'Rosuvastatin','Tablet','10mg',8,4),(54,'Sertraline','Tablet','50mg',9,5),(55,'Topiramate','Tablet','25mg',10,6),(56,'Valacyclovir','Tablet','500mg',11,7),(57,'Warfarin','Tablet','5mg',12,8),(58,'Xarelto','Tablet','20mg',13,9),(59,'Yasmin','Tablet','3mg',14,10),(60,'Zolpidem','Tablet','10mg',15,11),(61,'Acetaminophen','Tablet','325mg',16,1),(62,'Benazepril','Tablet','10mg',17,2),(63,'Candesartan','Tablet','16mg',18,3),(64,'Desloratadine','Tablet','5mg',19,4),(65,'Erythromycin','Tablet','500mg',20,5),(66,'Fluoxetine','Capsule','20mg',1,6),(67,'Glipizide','Tablet','10mg',2,7),(68,'Hydroxychloroquine','Tablet','200mg',3,8),(69,'Indomethacin','Capsule','25mg',4,9),(70,'Januvia','Tablet','100mg',5,10),(71,'Keppra','Tablet','500mg',6,11),(72,'Levofloxacin','Tablet','500mg',7,1),(73,'Methotrexate','Tablet','2.5mg',8,2),(74,'Naproxen','Tablet','250mg',9,3),(75,'Olanzapine','Tablet','10mg',10,4),(76,'Propranolol','Tablet','40mg',11,5),(77,'Quinapril','Tablet','20mg',12,6),(78,'Risperidone','Tablet','1mg',13,7),(79,'Spironolactone','Tablet','25mg',14,8),(80,'Trazodone','Tablet','50mg',15,9),(81,'Ursodiol','Capsule','250mg',16,10),(82,'Vardenafil','Tablet','10mg',17,11),(83,'Wellbutrin','Tablet','150mg',18,1),(84,'Xanax','Tablet','0.5mg',19,2),(85,'Yohimbine','Tablet','5mg',20,3),(86,'Zithromax','Tablet','500mg',1,4),(87,'Napa One','Tablet','1000mg',1,1),(88,'Panadol','Tablet','500mg',2,2),(89,'Brufen','Tablet','400mg',3,3),(90,'Flagyl','Tablet','500mg',4,4),(91,'Cipro','Tablet','500mg',5,5),(92,'Lasix','Tablet','40mg',6,6),(93,'Zantac','Tablet','150mg',7,7),(94,'Voltaren','Tablet','50mg',8,8),(95,'Advil','Tablet','200mg',9,9),(96,'Motrin','Tablet','400mg',10,10),(97,'Aspirin','Tablet','100mg',11,11),(98,'Lipitor','Tablet','20mg',12,1),(99,'Plavix','Tablet','75mg',13,2),(100,'Zocor','Tablet','40mg',14,3),(101,'Crestor','Tablet','10mg',15,4),(102,'Nexium','Capsule','20mg',16,5),(103,'Prilosec','Capsule','20mg',17,6),(104,'Prevacid','Capsule','15mg',18,7),(105,'Protonix','Tablet','40mg',19,8),(106,'Zoloft','Tablet','50mg',20,9),(107,'Lexapro','Tablet','10mg',21,10),(108,'Prozac','Capsule','20mg',22,11),(109,'Cymbalta','Capsule','30mg',23,1),(110,'Effexor','Tablet','75mg',24,2),(111,'Wellbutrin','Tablet','150mg',25,3),(112,'Paxil','Tablet','20mg',26,4),(113,'Celexa','Tablet','20mg',27,5),(114,'Desyrel','Tablet','50mg',28,6),(115,'Ativan','Tablet','1mg',29,7),(116,'Valium','Tablet','5mg',30,8),(117,'Xanax','Tablet','0.5mg',31,9),(118,'Klonopin','Tablet','1mg',1,10),(119,'Restoril','Capsule','15mg',2,11),(120,'Halcion','Tablet','0.25mg',3,1),(121,'Ambien','Tablet','10mg',4,2),(122,'Lunesta','Tablet','2mg',5,3),(123,'Sonata','Capsule','10mg',6,4),(124,'Dalmane','Capsule','15mg',7,5),(125,'Rozerem','Tablet','8mg',8,6),(126,'Belsomra','Tablet','10mg',9,7),(127,'Hetlioz','Capsule','20mg',10,8),(128,'Zulresso','Injection','100mg',11,9),(129,'Silenor','Tablet','3mg',12,10),(130,'Seconal','Capsule','100mg',13,11),(131,'Nembutal','Injection','50mg',14,1),(132,'Lyrica','Capsule','75mg',15,2),(133,'Neurontin','Capsule','300mg',16,3),(134,'Gabitril','Tablet','10mg',17,4),(135,'Topamax','Tablet','50mg',18,5),(136,'Lamictal','Tablet','100mg',19,6),(137,'Tegretol','Tablet','200mg',20,7),(138,'Dilantin','Capsule','100mg',21,8),(139,'Depakote','Tablet','250mg',22,9),(140,'Keppra','Tablet','500mg',23,10),(141,'Trileptal','Tablet','300mg',24,11),(142,'Zonegran','Capsule','25mg',25,1),(143,'Vimpat','Tablet','100mg',26,2),(144,'Sabril','Tablet','500mg',27,3),(145,'Fycompa','Tablet','2mg',28,4),(146,'Onfi','Tablet','10mg',29,5),(147,'Banzel','Tablet','200mg',30,6),(148,'Briviact','Tablet','25mg',31,7),(149,'Xcopri','Tablet','50mg',1,8),(150,'Zarontin','Capsule','250mg',2,9),(151,'Diamox','Tablet','250mg',3,10),(152,'Felbatol','Tablet','600mg',4,11),(153,'Gabapentin','Capsule','100mg',5,1),(154,'Pregabalin','Capsule','50mg',6,2),(155,'Carbamazepine','Tablet','100mg',7,3),(156,'Oxcarbazepine','Tablet','150mg',8,4),(157,'Phenytoin','Capsule','50mg',9,5),(158,'Valproic Acid','Capsule','250mg',10,6),(159,'Levetiracetam','Tablet','1000mg',11,7),(160,'Lacosamide','Tablet','50mg',12,8),(161,'Rufinamide','Tablet','200mg',13,9),(162,'Perampanel','Tablet','4mg',14,10),(163,'Clobazam','Tablet','10mg',15,11),(164,'Stiripentol','Capsule','250mg',16,1),(165,'Fenfluramine','Tablet','200mg',17,2),(166,'Cannabidiol','Tablet','100mg',18,3),(167,'Epidiolex','Solution','100mg/ml',19,4),(168,'Vigabatrin','Tablet','500mg',20,5),(169,'Diacomit','Capsule','250mg',21,6),(170,'Ataluren','Tablet','10mg',22,7),(171,'Bosentan','Tablet','125mg',23,8),(172,'Ambrisentan','Tablet','5mg',24,9),(173,'Macitentan','Tablet','10mg',25,10),(174,'Selexipag','Tablet','200mcg',26,11),(175,'Treprostinil','Injection','2.5mg/ml',27,1),(176,'Epoprostenol','Injection','1.5mg',28,2),(177,'Iloprost','Inhalation','10mcg/ml',29,3),(178,'Ventavis','Inhalation','20mcg/ml',30,4),(179,'Uptravi','Tablet','400mcg',31,5),(180,'Opsumit','Tablet','10mg',1,6),(181,'Tracleer','Tablet','62.5mg',2,7),(182,'Adcirca','Tablet','20mg',3,8),(183,'Revatio','Tablet','20mg',4,9),(184,'Sildenafil','Tablet','50mg',5,10),(185,'Tadalafil','Tablet','10mg',6,11),(186,'Vardenafil','Tablet','10mg',7,1),(187,'Avanafil','Tablet','100mg',8,2),(188,'Alprostadil','Injection','20mcg',9,3),(189,'Caverject','Injection','20mcg',10,4),(190,'Muse','Suppository','125mcg',11,5),(191,'Stendra','Tablet','200mg',12,6),(192,'Fentanyl','Patch','25mcg/hr',13,7),(193,'Morphine','Injection','10mg/ml',14,8),(194,'Hydromorphone','Tablet','4mg',15,9),(195,'Oxycodone','Tablet','10mg',16,10),(196,'Hydrocodone','Tablet','10mg',17,11),(197,'Tramadol','Tablet','50mg',18,1),(198,'Methadone','Tablet','10mg',19,2),(199,'Buprenorphine','Tablet','8mg',20,3),(200,'Naloxone','Injection','0.4mg/ml',21,4),(201,'Naltrexone','Tablet','50mg',22,5),(202,'Acetaminophen','Tablet','500mg',23,6),(203,'Ibuprofen','Tablet','400mg',24,7),(204,'Naproxen','Tablet','500mg',25,8),(205,'Celecoxib','Capsule','200mg',26,9),(206,'Meloxicam','Tablet','15mg',27,10),(207,'Diclofenac','Tablet','75mg',28,11),(208,'Indomethacin','Capsule','50mg',29,1),(209,'Piroxicam','Capsule','20mg',30,2),(210,'Sulindac','Tablet','200mg',31,3),(211,'Aspirin','Tablet','325mg',1,4),(212,'Clopidogrel','Tablet','75mg',2,5),(213,'Warfarin','Tablet','5mg',3,6),(214,'Heparin','Injection','5000units/ml',4,7),(215,'Enoxaparin','Injection','100mg/ml',5,8),(216,'Dalteparin','Injection','10000units/ml',6,9),(217,'Fondaparinux','Injection','2.5mg/ml',7,10),(218,'Rivaroxaban','Tablet','20mg',8,11),(219,'Apixaban','Tablet','5mg',9,1),(220,'Edoxaban','Tablet','60mg',10,2),(221,'Betrixaban','Tablet','80mg',11,3),(222,'Dabigatran','Capsule','150mg',12,4),(223,'Argatroban','Injection','100mg/ml',13,5),(224,'Bivalirudin','Injection','250mg',14,6),(225,'Desirudin','Injection','15mg',15,7),(226,'Alteplase','Injection','50mg',16,8),(227,'Tenecteplase','Injection','50mg',17,9),(228,'Reteplase','Injection','10mg',18,10),(229,'Streptokinase','Injection','1.5million units',19,11),(230,'Urokinase','Injection','250000units',20,1),(231,'Aminocaproic Acid','Tablet','500mg',21,2),(232,'Tranexamic Acid','Tablet','500mg',22,3),(233,'Factor VIII','Injection','1000units',23,4),(234,'Factor IX','Injection','1000units',24,5),(235,'Factor VIIa','Injection','1mg',25,6),(236,'Factor XIII','Injection','2500units',26,7),(237,'Prothrombin Complex','Injection','500units',27,8),(238,'Fibrinogen','Injection','1g',28,9),(239,'Thrombin','Injection','5000units',29,10),(240,'Desmopressin','Injection','4mcg/ml',30,11),(241,'Cryoprecipitate','Injection','1unit/ml',31,1),(242,'Losartan','Tablet','50mg',1,1),(243,'Valsartan','Tablet','50mg',2,2),(244,'Irbesartan','Tablet','50mg',3,3),(245,'Candesartan','Tablet','50mg',4,4),(246,'Olmesartan','Tablet','50mg',5,5),(247,'Telmisartan','Tablet','50mg',6,6),(248,'Eprosartan','Tablet','50mg',7,7),(249,'Azilsartan','Tablet','50mg',8,8),(250,'Losartan','Tablet','100mg',9,9),(251,'Valsartan','Tablet','100mg',10,10),(252,'Irbesartan','Tablet','100mg',11,11),(253,'Candesartan','Tablet','100mg',12,1),(254,'Olmesartan','Tablet','100mg',13,2),(255,'Telmisartan','Tablet','100mg',14,3),(256,'Eprosartan','Tablet','100mg',15,4),(257,'Azilsartan','Tablet','100mg',16,5),(258,'Losartan','Capsule','50mg',17,6),(259,'Valsartan','Capsule','50mg',18,7),(260,'Irbesartan','Capsule','50mg',19,8),(261,'Candesartan','Capsule','50mg',20,9),(262,'Olmesartan','Capsule','50mg',21,10),(263,'Telmisartan','Capsule','50mg',22,11),(264,'Eprosartan','Capsule','50mg',23,1),(265,'Azilsartan','Capsule','50mg',24,2),(266,'Losartan','Capsule','100mg',25,3),(267,'Valsartan','Capsule','100mg',26,4),(268,'Irbesartan','Capsule','100mg',27,5),(269,'Candesartan','Capsule','100mg',28,6),(270,'Olmesartan','Capsule','100mg',29,7),(271,'Telmisartan','Capsule','100mg',30,8),(272,'Eprosartan','Capsule','100mg',31,9),(273,'Azilsartan','Capsule','100mg',1,10),(274,'Losartan','Solution','10mg/mL',2,11),(275,'Valsartan','Solution','10mg/mL',3,1),(276,'Irbesartan','Solution','10mg/mL',4,2),(277,'Candesartan','Solution','10mg/mL',5,3),(278,'Olmesartan','Solution','10mg/mL',6,4),(279,'Telmisartan','Solution','10mg/mL',7,5),(280,'Eprosartan','Solution','10mg/mL',8,6),(281,'Azilsartan','Solution','10mg/mL',9,7),(282,'Losartan','Suspension','10mg/mL',10,8),(283,'Valsartan','Suspension','10mg/mL',11,9),(284,'Irbesartan','Suspension','10mg/mL',12,10),(285,'Candesartan','Suspension','10mg/mL',13,11),(286,'Olmesartan','Suspension','10mg/mL',14,1),(287,'Telmisartan','Suspension','10mg/mL',15,2),(288,'Eprosartan','Suspension','10mg/mL',16,3),(289,'Azilsartan','Suspension','10mg/mL',17,4),(290,'Losartan','Injection','20mg/mL',18,5),(291,'Valsartan','Injection','20mg/mL',19,6),(292,'Irbesartan','Injection','20mg/mL',20,7),(293,'Candesartan','Injection','20mg/mL',21,8),(294,'Olmesartan','Injection','20mg/mL',22,9),(295,'Telmisartan','Injection','20mg/mL',23,10),(296,'Eprosartan','Injection','20mg/mL',24,11),(297,'Azilsartan','Injection','20mg/mL',25,1),(298,'Losartan','Tablet','50mg',26,2),(299,'Valsartan','Tablet','50mg',27,3),(300,'Irbesartan','Tablet','50mg',28,4),(301,'Candesartan','Tablet','50mg',29,5),(302,'Olmesartan','Tablet','50mg',30,6),(303,'Telmisartan','Tablet','50mg',31,7),(304,'Eprosartan','Tablet','50mg',1,8),(305,'Azilsartan','Tablet','50mg',2,9),(306,'Losartan','Tablet','100mg',3,10),(307,'Valsartan','Tablet','100mg',4,11),(308,'Irbesartan','Tablet','100mg',5,1),(309,'Candesartan','Tablet','100mg',6,2),(310,'Olmesartan','Tablet','100mg',7,3),(311,'Telmisartan','Tablet','100mg',8,4),(312,'Eprosartan','Tablet','100mg',9,5),(313,'Azilsartan','Tablet','100mg',10,6),(314,'Losartan','Capsule','50mg',11,7),(315,'Valsartan','Capsule','50mg',12,8),(316,'Irbesartan','Capsule','50mg',13,9),(317,'Candesartan','Capsule','50mg',14,10),(318,'Olmesartan','Capsule','50mg',15,11),(319,'Telmisartan','Capsule','50mg',16,1),(320,'Eprosartan','Capsule','50mg',17,2),(321,'Azilsartan','Capsule','50mg',18,3),(322,'Losartan','Capsule','100mg',19,4),(323,'Valsartan','Capsule','100mg',20,5),(324,'Irbesartan','Capsule','100mg',21,6),(325,'Candesartan','Capsule','100mg',22,7),(326,'Olmesartan','Capsule','100mg',23,8),(327,'Telmisartan','Capsule','100mg',24,9),(328,'Eprosartan','Capsule','100mg',25,10),(329,'Azilsartan','Capsule','100mg',26,11),(330,'Losartan','Solution','10mg/mL',27,1),(331,'Valsartan','Solution','10mg/mL',28,2),(332,'Irbesartan','Solution','10mg/mL',29,3),(333,'Candesartan','Solution','10mg/mL',30,4),(334,'Olmesartan','Solution','10mg/mL',31,5),(335,'Telmisartan','Solution','10mg/mL',1,6),(336,'Eprosartan','Solution','10mg/mL',2,7),(337,'Azilsartan','Solution','10mg/mL',3,8),(338,'Losartan','Suspension','10mg/mL',4,9),(339,'Valsartan','Suspension','10mg/mL',5,10),(340,'Irbesartan','Suspension','10mg/mL',6,11),(341,'Candesartan','Suspension','10mg/mL',7,1),(342,'Olmesartan','Suspension','10mg/mL',8,2),(343,'Telmisartan','Suspension','10mg/mL',9,3),(344,'Eprosartan','Suspension','10mg/mL',10,4),(345,'Azilsartan','Suspension','10mg/mL',11,5),(346,'Losartan','Injection','20mg/mL',12,6);
/*!40000 ALTER TABLE `drugs` ENABLE KEYS */;
UNLOCK TABLES;

--
-- Table structure for table `generics`
--

DROP TABLE IF EXISTS `generics`;
/*!40101 SET @saved_cs_client     = @@character_set_client */;
/*!50503 SET character_set_client = utf8mb4 */;
CREATE TABLE `generics` (
  `id` int NOT NULL AUTO_INCREMENT,
  `name` varchar(255) NOT NULL,
  PRIMARY KEY (`id`),
  UNIQUE KEY `name` (`name`)
) ENGINE=InnoDB AUTO_INCREMENT=39 DEFAULT CHARSET=utf8mb4 COLLATE=utf8mb4_0900_ai_ci;
/*!40101 SET character_set_client = @saved_cs_client */;

--
-- Dumping data for table `generics`
--

LOCK TABLES `generics` WRITE;
/*!40000 ALTER TABLE `generics` DISABLE KEYS */;
INSERT INTO `generics` VALUES (1,'Aceclofenac'),(2,'Ambroxol-Hydrochloride'),(19,'Amlodipine Besilate + Olmesartan Medoxomil'),(5,'Amlodipine-+-Telmisartan'),(3,'Amlodipine-Besylate'),(4,'Amlodipine-Besylate-+-Atenolol'),(6,'Amoxicillin-+-Clavulanic-Acid'),(7,'Atorvastatin'),(29,'Atorvastatin Calcium'),(8,'Azithromycin'),(30,'Azithromycin Dihydrate'),(9,'Baclofen'),(10,'Bilastine'),(11,'Bisoprolol'),(12,'Butamirate-Citrate'),(14,'Calcium-(Coral-source)-+-Vitamin-D3'),(13,'Calcium-Carbonate-&-vitamin-D3'),(15,'Calcium-Orotate'),(16,'Carbonyl-Iron_Folic-Acid_Zinc-Sulphate'),(17,'Cefepime'),(37,'Cefuroxime Axetil + Clavulanic Acid'),(32,'Cetirizine Hydrochloride'),(33,'Ciprofloxacin'),(25,'Domperidone Maleate'),(24,'Esomeprazole'),(36,'Fexofenadine Hydrochloride'),(20,'Insulin Human [rDNA]'),(35,'Levothyroxine Sodium'),(21,'Miconazole Nitrate'),(23,'Montelukast Sodium'),(22,'Olmesartan Medoxomil'),(26,'Omeprazole'),(38,'Paracetamol'),(28,'Paracetamol + Caffeine'),(18,'Rabeprazole Sodium'),(27,'Salmeterol + Fluticasone Propionate'),(34,'Tiemonium Methylsulphate'),(31,'Vitamin C [Ascorbic acid]');
/*!40000 ALTER TABLE `generics` ENABLE KEYS */;
UNLOCK TABLES;

--
-- Table structure for table `locations`
--

DROP TABLE IF EXISTS `locations`;
/*!40101 SET @saved_cs_client     = @@character_set_client */;
/*!50503 SET character_set_client = utf8mb4 */;
CREATE TABLE `locations` (
  `id` int NOT NULL AUTO_INCREMENT,
  `location_name` varchar(255) NOT NULL,
  `latitude` double NOT NULL,
  `longitude` double NOT NULL,
  `division_id` int DEFAULT NULL,
  PRIMARY KEY (`id`),
  UNIQUE KEY `location_name` (`location_name`),
  UNIQUE KEY `latitude` (`latitude`),
  UNIQUE KEY `longitude` (`longitude`),
  KEY `division_id` (`division_id`),
  CONSTRAINT `locations_ibfk_1` FOREIGN KEY (`division_id`) REFERENCES `divisions` (`id`)
) ENGINE=InnoDB AUTO_INCREMENT=65 DEFAULT CHARSET=utf8mb4 COLLATE=utf8mb4_0900_ai_ci;
/*!40101 SET character_set_client = @saved_cs_client */;

--
-- Dumping data for table `locations`
--

LOCK TABLES `locations` WRITE;
/*!40000 ALTER TABLE `locations` DISABLE KEYS */;
INSERT INTO `locations` VALUES (1,'Dhaka',23.7115253,90.4111451,1),(2,'Faridpur',23.6070822,89.8429406,1),(3,'Gazipur',24.0022858,90.4264283,1),(4,'Gopalganj',23.0050857,89.8266059,1),(5,'Jamalpur',24.937533,89.937775,7),(6,'Kishoreganj',24.444937,90.776575,1),(7,'Madaripur',23.164102,90.1896805,1),(8,'Manikganj',23.8644,90.0047,1),(9,'Munshiganj',23.5422,90.5305,1),(10,'Mymensingh',24.7471,90.4203,7),(11,'Narayanganj',23.63366,90.496482,1),(12,'Narsingdi',23.932233,90.71541,1),(13,'Netrokona',24.870955,90.727887,7),(14,'Rajbari',23.7574305,89.6444665,1),(15,'Shariatpur',23.2423,90.4348,1),(16,'Sherpur',25.0204933,90.0152966,7),(17,'Tangail',24.2513,89.9167,1),(18,'Bogura',24.8465228,89.377755,5),(19,'Joypurhat',25.0968,89.0227,5),(20,'Naogaon',24.7936,88.9318,5),(21,'Natore',24.420556,89.000282,5),(22,'Nawabganj',24.5965034,88.2775122,1),(23,'Pabna',23.998524,89.233645,5),(24,'Rajshahi',24.3745,88.6042,5),(25,'Sirajgonj',24.4533978,89.7006815,5),(26,'Dinajpur',25.6217061,88.6354504,6),(27,'Gaibandha',25.328751,89.528088,6),(28,'Kurigram',25.805445,89.636174,6),(29,'Lalmonirhat',25.9923,89.2847,6),(30,'Nilphamari',25.931794,88.856006,6),(31,'Panchagarh',26.3411,88.5541606,6),(32,'Rangpur',25.7558096,89.244462,6),(33,'Thakurgaon',26.0336945,88.4616834,6),(34,'Barguna',22.0953,90.1121,4),(35,'Barishal',22.701,90.3535,4),(36,'Bhola',22.685923,90.648179,4),(37,'Jhalokati',22.6406,90.1987,4),(38,'Patuakhali',22.3596316,90.3298712,4),(39,'Pirojpur',22.5841,89.972,4),(40,'Bandarban',22.1953275,92.2183773,2),(41,'Brahmanbaria',23.9570904,91.1119286,2),(42,'Chandpur',23.2332585,90.6712912,2),(43,'Chattogram',22.335109,91.834073,2),(44,'Cumilla',23.4682747,91.1788135,2),(45,'Cox\'s Bazar',21.4272,92.0058,2),(46,'Feni',23.0159,91.3976,2),(47,'Khagrachari',23.119285,91.984663,2),(48,'Lakshmipur',22.942477,90.841184,2),(49,'Noakhali',22.869563,91.099398,2),(50,'Rangamati',22.7324,92.2985,2),(51,'Habiganj',24.374945,91.41553,8),(52,'Maulvibazar',24.482934,91.777417,8),(53,'Sunamganj',25.0658042,91.3950115,8),(54,'Sylhet',24.8897956,91.8697894,8),(55,'Bagerhat',22.651568,89.785938,3),(56,'Chuadanga',23.6401961,88.841841,3),(57,'Jashore',23.16643,89.2081126,3),(58,'Jhenaidah',23.5448176,89.1539213,3),(59,'Khulna',22.815774,89.568679,3),(60,'Kushtia',23.901258,89.120482,3),(61,'Magura',23.487337,89.419956,3),(62,'Meherpur',23.762213,88.631821,3),(63,'Narail',23.172534,89.512672,3),(64,'Satkhira',22.7185,89.0705,3);
/*!40000 ALTER TABLE `locations` ENABLE KEYS */;
UNLOCK TABLES;

--
-- Table structure for table `patients`
--

DROP TABLE IF EXISTS `patients`;
/*!40101 SET @saved_cs_client     = @@character_set_client */;
/*!50503 SET character_set_client = utf8mb4 */;
CREATE TABLE `patients` (
  `id` int NOT NULL AUTO_INCREMENT,
  `name` varchar(255) NOT NULL,
  `phone` varchar(20) NOT NULL,
  `age` varchar(255) NOT NULL,
  PRIMARY KEY (`id`),
  UNIQUE KEY `phone` (`phone`)
) ENGINE=InnoDB AUTO_INCREMENT=701 DEFAULT CHARSET=utf8mb4 COLLATE=utf8mb4_0900_ai_ci;
/*!40101 SET character_set_client = @saved_cs_client */;

--
-- Dumping data for table `patients`
--

LOCK TABLES `patients` WRITE;
/*!40000 ALTER TABLE `patients` DISABLE KEYS */;
INSERT INTO `patients` VALUES (1,'John Doe','01234567890','55'),(2,'Alice Smith','09876543210','25'),(3,'Bob Johnson','05551234567','36'),(4,'Emily Brown','05559876543','88'),(5,'Michael Wilson','09998887776','63'),(6,'Emma Lee','01239874560','55'),(7,'William Taylor','07894561230','40'),(8,'Olivia Martinez','09517534680','52'),(9,'James Anderson','04561237890','93'),(10,'Sophia Garcia','03692581470','27'),(11,'Alexander Hernandez','07539518520','45'),(12,'Mia Lopez','03216549870','27'),(13,'Ethan Perez','06543219870','33'),(14,'Charlotte Gonzalez','02589631470','45'),(15,'Daniel Ramirez','07896541230','60'),(16,'Amelia Torres','09638527410','70'),(17,'Matthew Flores','01472583690','90'),(18,'Harper Diaz','01593578520','90'),(19,'Henry Rivera','03579514560','61'),(20,'Ava Cruz','08529637410','99'),(21,'Abul Kalam','01711253964','55'),(22,'Bashir Ahmed','01711253965','45'),(23,'Chowdhury Rahman','01711253966','60'),(24,'Dilara Khan','01711253967','50'),(25,'Emran Hossain','01711253968','35'),(26,'Farhana Begum','01711253969','40'),(27,'Golam Mostafa','01711253970','70'),(28,'Hasan Mahmud','01711253971','32'),(29,'Irfan Ahmed','01711253972','28'),(30,'Jahanara Khatun','01711253973','25'),(31,'Kabir Uddin','01711253974','65'),(32,'Laila Sultana','01711253975','37'),(33,'Mamun Rashid','01711253976','41'),(34,'Nabila Akter','01711253977','23'),(35,'Omar Faruk','01711253978','48'),(36,'Parveen Akhter','01711253979','54'),(37,'Quadir Hossain','01711253980','31'),(38,'Rafiq Islam','01711253981','52'),(39,'Selina Begum','01711253982','29'),(40,'Tariq Aziz','01711253983','27'),(41,'Umme Habiba','01711253984','36'),(42,'Vaskar Das','01711253985','44'),(43,'Wasim Akram','01711253986','38'),(44,'Xenia Rahman','01711253987','42'),(45,'Yasir Ali','01711253988','50'),(46,'Zakia Khatun','01711253989','39'),(47,'Asif Rahman','01711253990','26'),(48,'Bina Rani','01711253991','47'),(49,'Chanchal Kumar','01711253992','49'),(50,'Dilruba Zaman','01711253993','33'),(51,'Ehsanul Karim','01711253994','53'),(52,'Farid Hossain','01711253995','58'),(53,'Gulshan Ara','01711253996','40'),(54,'Hafizur Rahman','01711253997','62'),(55,'Imran Khan','01711253998','34'),(56,'Jannatul Ferdous','01711253999','46'),(57,'Kamal Hossain','01711254000','57'),(58,'Lubna Hasan','01711254001','45'),(59,'Mahbub Alam','01711254002','60'),(60,'Nusrat Jahan','01711254003','55'),(61,'Obaidul Haque','01711254004','28'),(62,'Parvez Khan','01711254005','37'),(63,'Qamrul Islam','01711254006','41'),(64,'Rabeya Begum','01711254007','52'),(65,'Shamim Ahmed','01711254008','63'),(66,'Tania Islam','01711254009','29'),(67,'Umme Salma','01711254010','35'),(68,'Vincent Gomez','01711254011','43'),(601,'Zakaria Nabi','01922234546','55'),(602,'Amina Rahman','01922234547','34'),(603,'Rafiq Ali','01922234548','45'),(604,'Farhana Ahmed','01922234549','28'),(605,'Mahmood Hasan','01922234550','60'),(606,'Khaleda Islam','01922234551','52'),(607,'Nurul Karim','01922234552','43'),(608,'Laila Begum','01922234553','29'),(609,'Saiful Alam','01922234554','38'),(610,'Tasnim Akter','01922234555','33'),(611,'Rezaul Haque','01922234556','50'),(612,'Salma Khatun','01922234557','41'),(613,'Jamal Uddin','01922234558','48'),(614,'Rokeya Sultana','01922234559','54'),(615,'Harun Rashid','01922234560','27'),(616,'Fatema Tuj','01922234561','36'),(617,'Sohail Rana','01922234562','39'),(618,'Monira Khan','01922234563','32'),(619,'Shahidul Islam','01922234564','47'),(620,'Shirin Akhter','01922234565','31'),(621,'Mamun Hossain','01922234566','49'),(622,'Sumaiya Afroz','01922234567','30'),(623,'Asif Mahmud','01922234568','42'),(624,'Fahmida Naz','01922234569','35'),(625,'Tanvir Ahmed','01922234570','37'),(626,'Rabeya Begum','01922234571','44'),(627,'Nazrul Islam','01922234572','53'),(628,'Jahanara Begum','01922234573','51'),(629,'Hasan Mahmud','01922234574','40'),(630,'Mahbuba Khatun','01922234575','26'),(631,'Iqbal Hossain','01922234576','58'),(632,'Sabina Yasmin','01922234577','46'),(633,'Arifur Rahman','01922234578','57'),(634,'Minara Parvin','01922234579','24'),(635,'Shah Alam','01922234580','55'),(636,'Mouly Sultana','01922234581','22'),(637,'Sajjad Hossain','01922234582','31'),(638,'Anisur Rahman','01922234583','36'),(639,'Lubna Akter','01922234584','28'),(640,'Mizanur Rahman','01922234585','53'),(641,'Sufia Khatun','01922234586','42'),(642,'Imran Hossain','01922234587','29'),(643,'Morshed Alam','01922234588','47'),(644,'Nadia Farzana','01922234589','34'),(645,'Tariq Anwar','01922234590','38'),(646,'Anwar Hossain','01922234591','51'),(647,'Sumona Rani','01922234592','39'),(648,'Rana Hasan','01922234593','25'),(649,'Mili Khatun','01922234594','45'),(650,'Nasrin Sultana','01922234595','56'),(651,'Ismail Hossain','01922234596','30'),(652,'Nargis Akhter','01922234597','33'),(653,'Sabbir Ahmed','01922234598','52'),(654,'Ferdousi Begum','01922234599','40'),(655,'Sakib Hossain','01922234600','27'),(656,'Sheuly Akhter','01922234601','35'),(657,'Raihan Karim','01922234602','37'),(658,'Mithila Islam','01922234603','32'),(659,'Nazmul Hossain','01922234604','41'),(660,'Fazlul Karim','01922234605','54'),(661,'Sadia Rahman','01922234606','44'),(662,'Rashedul Hasan','01922234607','46'),(663,'Sanjida Khatun','01922234608','26'),(664,'Alamgir Hossain','01922234609','57'),(665,'Nusrat Jahan','01922234610','43'),(666,'Farid Uddin','01922234611','48'),(667,'Sultana Rahman','01922234612','49'),(668,'Manik Hossain','01922234613','50'),(669,'Arifa Akter','01922234614','25'),(670,'Masud Karim','01922234615','55'),(671,'Rupali Begum','01922234616','24'),(672,'Hafizur Rahman','01922234617','56'),(673,'Nilufa Khatun','01922234618','35'),(674,'Mahinur Begum','01922234619','31'),(675,'Shahid Karim','01922234620','38'),(676,'Farzana Islam','01922234621','29'),(677,'Shafiqul Islam','01922234622','42'),(678,'Sanjida Rahman','01922234623','28'),(679,'Farid Ahmed','01922234624','51'),(680,'Munira Islam','01922234625','30'),(681,'Shamsul Haque','01922234626','41'),(682,'Rehana Parvin','01922234627','26'),(683,'Nazim Uddin','01922234628','37'),(684,'Sabrina Islam','01922234629','32'),(685,'Saifullah Khan','01922234630','43'),(686,'Tasneem Sultana','01922234631','27'),(687,'Azizur Rahman','01922234632','34'),(688,'Dilruba Ahmed','01922234633','36'),(689,'Zahid Hossain','01922234634','48'),(690,'Rubina Khatun','01922234635','45'),(691,'Kazi Anwar','01922234636','53'),(692,'Suraiya Begum','01922234637','52'),(693,'Naimur Rahman','01922234638','39'),(694,'Sultana Jahan','01922234639','44'),(695,'Murad Hossain','01922234640','50'),(696,'Anwarul Islam','01922234641','58'),(697,'Rosy Akter','01922234642','25'),(698,'Mohammed Hasan','01922234643','33'),(699,'Shahana Rahman','01922234644','22'),(700,'Shahinur Islam','01922234645','49');
/*!40000 ALTER TABLE `patients` ENABLE KEYS */;
UNLOCK TABLES;

--
-- Table structure for table `prescription_drugs`
--

DROP TABLE IF EXISTS `prescription_drugs`;
/*!40101 SET @saved_cs_client     = @@character_set_client */;
/*!50503 SET character_set_client = utf8mb4 */;
CREATE TABLE `prescription_drugs` (
  `id` int NOT NULL AUTO_INCREMENT,
  `prescription_id` int DEFAULT NULL,
  `drug_id` int DEFAULT NULL,
  PRIMARY KEY (`id`),
  KEY `prescription_id` (`prescription_id`),
  KEY `drug_id` (`drug_id`),
  CONSTRAINT `prescription_drugs_ibfk_1` FOREIGN KEY (`prescription_id`) REFERENCES `prescriptions` (`id`),
  CONSTRAINT `prescription_drugs_ibfk_2` FOREIGN KEY (`drug_id`) REFERENCES `drugs` (`id`)
) ENGINE=InnoDB AUTO_INCREMENT=5882 DEFAULT CHARSET=utf8mb4 COLLATE=utf8mb4_0900_ai_ci;
/*!40101 SET character_set_client = @saved_cs_client */;

--
-- Dumping data for table `prescription_drugs`
--

LOCK TABLES `prescription_drugs` WRITE;
/*!40000 ALTER TABLE `prescription_drugs` DISABLE KEYS */;
INSERT INTO `prescription_drugs` VALUES (1,1,1),(2,1,2),(3,1,3),(4,2,4),(5,2,5),(6,2,6),(7,3,7),(8,3,8),(9,3,9),(10,4,10),(11,4,11),(12,4,12),(13,5,13),(14,5,14),(15,5,15),(16,6,16),(17,6,17),(18,6,18),(19,7,19),(20,7,20),(21,7,21),(22,8,22),(23,8,23),(24,8,24),(25,9,25),(26,9,26),(27,9,27),(28,10,28),(29,10,29),(30,10,30),(31,11,31),(32,11,32),(33,11,33),(34,12,34),(35,12,35),(36,12,36),(37,13,37),(38,13,38),(39,13,39),(40,14,40),(41,14,41),(42,14,42),(43,15,43),(44,15,44),(45,15,45),(46,16,46),(47,16,47),(48,16,48),(49,17,49),(50,17,50),(51,17,51),(52,18,52),(53,18,53),(54,18,54),(55,19,55),(56,19,56),(57,19,57),(58,20,58),(59,20,59),(60,20,60),(61,21,61),(62,21,62),(63,21,63),(64,22,64),(65,22,65),(66,22,66),(67,23,67),(68,23,68),(69,23,69),(70,24,70),(71,24,71),(72,24,72),(73,25,73),(74,25,74),(75,25,75),(76,26,76),(77,26,77),(78,26,78),(79,27,79),(80,27,80),(81,27,81),(82,28,82),(83,28,83),(84,28,84),(85,29,85),(86,29,86),(87,30,1),(88,30,4),(89,30,7),(90,31,10),(91,31,13),(92,31,16),(93,32,19),(94,32,22),(95,32,25),(96,33,28),(97,33,31),(98,33,34),(99,34,37),(100,34,40),(101,34,43),(102,35,46),(103,35,49),(104,35,52),(105,36,55),(106,36,58),(107,36,61),(108,37,64),(109,37,67),(110,37,70),(111,38,73),(112,38,76),(113,38,79),(114,39,82),(115,39,85),(116,2,2),(117,2,5),(118,2,8),(119,3,11),(120,3,14),(121,3,17),(122,4,20),(123,4,23),(124,4,26),(125,5,29),(126,5,32),(127,5,35),(128,6,38),(129,6,41),(130,6,44),(131,7,47),(132,7,50),(133,7,53),(134,8,56),(135,8,59),(136,8,62),(137,9,65),(138,9,68),(139,9,71),(140,10,74),(141,10,77),(142,10,80),(143,11,83),(144,11,86),(145,12,1),(146,12,4),(147,12,7),(148,13,10),(149,13,13),(150,13,16),(151,14,19),(152,14,22),(153,14,25),(154,15,28),(155,15,31),(156,15,34),(157,16,37),(158,16,40),(159,16,43),(160,17,46),(161,17,49),(162,17,52),(163,18,55),(164,18,58),(165,18,61),(166,19,64),(167,19,67),(168,19,70),(169,20,73),(170,20,76),(171,20,79),(172,21,82),(173,21,85),(174,22,2),(175,22,5),(176,22,8),(177,23,11),(178,23,14),(179,23,17),(180,24,20),(181,24,23),(182,24,26),(183,25,29),(184,25,32),(185,25,35),(186,26,38),(187,26,41),(188,26,44),(189,27,47),(190,27,50),(191,27,53),(192,28,56),(193,28,59),(194,28,62),(195,29,65),(196,29,68),(197,29,71),(198,30,74),(199,30,77),(200,30,80),(201,31,83),(202,31,86),(203,40,1),(204,41,2),(205,42,3),(206,43,4),(207,44,5),(208,45,6),(209,46,7),(210,47,8),(211,48,9),(212,49,10),(213,50,11),(214,51,12),(215,52,13),(216,53,14),(217,54,15),(218,55,16),(219,56,17),(220,57,18),(221,58,19),(222,59,20),(223,60,21),(224,61,22),(225,62,23),(226,63,24),(227,64,25),(228,65,26),(229,66,27),(230,67,28),(231,68,29),(232,69,30),(233,70,31),(234,71,32),(235,72,33),(236,73,34),(237,74,35),(238,75,36),(239,76,37),(240,77,38),(241,78,39),(242,79,40),(243,80,41),(244,81,42),(245,82,43),(246,83,44),(247,84,45),(248,85,46),(249,86,47),(250,87,48),(251,88,49),(252,89,50),(253,90,51),(254,91,52),(255,92,53),(256,93,54),(257,94,55),(258,95,56),(259,96,57),(260,97,58),(261,98,59),(262,99,60),(263,100,61),(264,101,62),(265,102,63),(266,103,64),(267,104,65),(268,105,66),(269,106,67),(270,107,68),(271,108,69),(272,109,70),(273,110,71),(274,111,72),(275,112,73),(276,113,74),(277,114,75),(278,115,76),(279,116,77),(280,117,78),(281,118,79),(282,119,80),(283,120,81),(284,121,82),(285,122,83),(286,123,84),(287,124,85),(288,125,86),(289,126,1),(290,127,2),(291,128,3),(292,129,4),(293,130,5),(294,131,6),(295,132,7),(296,133,8),(297,134,9),(298,135,10),(299,136,11),(300,137,12),(301,138,13),(302,139,14),(303,140,15),(304,141,16),(305,142,17),(306,143,18),(307,144,19),(308,145,20),(309,146,21),(310,147,22),(311,148,23),(312,149,24),(313,150,25),(314,151,26),(315,152,27),(316,153,28),(317,154,29),(318,155,30),(319,156,31),(320,157,32),(321,158,33),(322,159,34),(323,160,35),(324,161,36),(325,162,37),(326,163,38),(327,164,39),(328,165,40),(329,166,41),(330,167,42),(331,168,43),(332,169,44),(333,170,45),(334,171,46),(335,172,47),(336,173,48),(337,174,49),(338,175,50),(339,176,51),(340,177,52),(341,178,53),(342,179,54),(343,180,55),(344,181,56),(345,182,57),(346,183,58),(347,184,59),(348,185,60),(349,186,61),(350,187,62),(351,188,63),(352,189,64),(353,190,65),(354,191,66),(355,192,67),(356,193,68),(357,194,69),(358,195,70),(359,196,71),(360,197,72),(361,198,73),(362,199,74),(363,200,75),(1718,201,1),(1719,201,2),(1720,202,3),(1721,202,4),(1722,203,5),(1723,203,6),(1724,204,7),(1725,204,8),(1726,205,9),(1727,205,10),(1728,206,11),(1729,206,12),(1730,207,13),(1731,207,14),(1732,208,15),(1733,208,16),(1734,209,17),(1735,209,18),(1736,210,19),(4403,210,20),(4404,211,21),(4405,211,22),(4406,212,23),(4407,212,24),(4408,213,25),(4409,213,26),(4410,214,27),(4411,214,28),(4412,215,29),(4413,215,30),(4414,216,31),(4415,216,32),(4416,217,33),(4417,217,34),(4418,218,35),(4419,218,36),(4420,219,37),(4421,219,38),(4422,220,39),(4423,220,40),(4424,221,41),(4425,221,42),(4426,222,43),(4427,222,44),(4428,223,45),(4429,223,46),(4430,224,47),(4431,224,48),(4432,225,49),(4433,225,50),(4434,226,51),(4435,226,52),(4436,227,53),(4437,227,54),(4438,228,55),(4439,228,56),(4440,229,57),(4441,229,58),(4442,230,59),(4443,230,60),(4444,231,61),(4445,231,62),(4446,232,63),(4447,232,64),(4448,233,65),(4449,233,66),(4450,234,67),(4451,234,68),(4452,235,69),(4453,235,70),(4454,236,71),(4455,236,72),(4456,237,73),(4457,237,74),(4458,238,75),(4459,238,76),(4460,239,77),(4461,239,78),(4462,240,79),(4463,240,80),(4464,241,81),(4465,241,82),(4466,242,83),(4467,242,84),(4468,243,85),(4469,243,86),(4470,244,87),(4471,244,88),(4472,245,89),(4473,245,90),(4474,246,91),(4475,246,92),(4476,247,93),(4477,247,94),(4478,248,95),(4479,248,96),(4480,249,97),(4481,249,98),(4482,250,99),(4483,250,100),(4484,251,101),(4485,251,102),(4486,252,103),(4487,252,104),(4488,253,105),(4489,253,106),(4490,254,107),(4491,254,108),(4492,255,109),(4493,255,110),(4494,256,111),(4495,256,112),(4496,257,113),(4497,257,114),(4498,258,115),(4499,258,116),(4500,259,117),(4501,259,118),(4502,260,119),(4503,260,120),(4504,261,121),(4505,261,122),(4506,262,123),(4507,262,124),(4508,263,125),(4509,263,126),(4510,264,127),(4511,264,128),(4512,265,129),(4513,265,130),(4514,266,131),(4515,266,132),(4516,267,133),(4517,267,134),(4518,268,135),(4519,268,136),(4520,269,137),(4521,269,138),(4522,270,139),(4523,270,140),(4524,271,141),(4525,271,142),(4526,272,143),(4527,272,144),(4528,273,145),(4529,273,146),(4530,274,147),(4531,274,148),(4532,275,149),(4533,275,150),(4534,276,151),(4535,276,152),(4536,277,153),(4537,277,154),(4538,278,155),(4539,278,156),(4540,279,157),(4541,279,158),(4542,280,159),(4543,280,160),(4544,281,161),(4545,281,162),(4546,282,163),(4547,282,164),(4548,283,165),(4549,283,166),(4550,284,167),(4551,284,168),(4552,285,169),(4553,285,170),(4554,286,171),(4555,286,172),(4556,287,173),(4557,287,174),(4558,288,175),(4559,288,176),(4560,289,177),(4561,289,178),(4562,290,179),(4563,290,180),(4564,291,181),(4565,291,182),(4566,292,183),(4567,292,184),(4568,293,185),(4569,293,186),(4570,294,187),(4571,294,188),(4572,295,189),(4573,295,190),(4574,296,191),(4575,296,192),(4576,297,193),(4577,297,194),(4578,298,195),(4579,298,196),(4580,299,197),(4581,299,198),(4582,300,199),(4583,300,200),(4584,301,201),(4585,301,202),(4586,302,203),(4587,302,204),(4588,303,205),(4589,303,206),(4590,304,207),(4591,304,208),(4592,305,209),(4593,305,210),(4594,306,211),(4595,306,212),(4596,307,213),(4597,307,214),(4598,308,215),(4599,308,216),(4600,309,217),(4601,309,218),(4602,310,219),(4603,310,220),(4604,311,221),(4605,311,222),(4606,312,223),(4607,312,224),(4608,313,225),(4609,313,226),(4610,314,227),(4611,314,228),(4612,315,229),(4613,315,230),(4614,316,231),(4615,316,232),(4616,317,233),(4617,317,234),(4618,318,235),(4619,318,236),(4620,319,237),(4621,319,238),(4622,320,239),(4623,320,240),(4624,321,241),(4625,321,242),(4626,322,243),(4627,322,244),(4628,323,245),(4629,323,246),(4630,324,247),(4631,324,248),(4632,325,249),(4633,325,250),(4634,326,251),(4635,326,252),(4636,327,253),(4637,327,254),(4638,328,255),(4639,328,256),(4640,329,257),(4641,329,258),(4642,330,259),(4643,330,260),(4644,331,261),(4645,331,262),(4646,332,263),(4647,332,264),(4648,333,265),(4649,333,266),(4650,334,267),(4651,334,268),(4652,335,269),(4653,335,270),(4654,336,271),(4655,336,272),(4656,337,273),(4657,337,274),(4658,338,275),(4659,338,276),(4660,339,277),(4661,339,278),(4662,340,279),(4663,340,280),(4664,341,281),(4665,341,282),(4666,342,283),(4667,342,284),(4668,343,285),(4669,343,286),(4670,344,287),(4671,344,288),(4672,345,289),(4673,345,290),(4674,346,291),(4675,346,292),(4676,347,293),(4677,347,294),(4678,348,295),(4679,348,296),(4680,349,297),(4681,349,298),(4682,350,299),(4683,350,300),(4684,351,301),(4685,351,302),(4686,352,303),(4687,352,304),(4688,353,305),(4689,353,306),(4690,354,307),(4691,354,308),(4692,355,309),(4693,355,310),(4694,356,311),(4695,356,312),(4696,357,313),(4697,357,314),(4698,358,315),(4699,358,316),(4700,359,317),(4701,359,318),(4702,360,319),(4703,360,320),(4704,361,321),(4705,361,322),(4706,362,323),(4707,362,324),(4708,363,325),(4709,363,326),(4710,364,327),(4711,364,328),(4712,365,329),(4713,365,330),(4714,366,331),(4715,366,332),(4716,367,333),(4717,367,334),(4718,368,335),(4719,368,336),(4720,369,337),(4721,369,338),(4722,370,339),(4723,370,340),(4724,371,341),(4725,371,342),(4726,372,343),(4727,372,344),(4728,373,345),(4729,373,346),(4730,374,1),(4731,374,2),(4732,375,3),(4733,375,4),(4734,376,5),(4735,376,6),(4736,377,7),(4737,377,8),(4738,378,9),(4739,378,10),(4740,379,11),(4741,379,12),(4742,380,13),(4743,380,14),(4744,381,15),(4745,381,16),(4746,382,17),(4747,382,18),(4748,383,19),(4749,383,20),(4750,384,21),(4751,384,22),(4752,385,23),(4753,385,24),(4754,386,25),(4755,386,26),(4756,387,27),(4757,387,28),(4758,388,29),(4759,388,30),(4760,389,31),(4761,389,32),(4762,390,33),(4763,390,34),(4764,391,35),(4765,391,36),(4766,392,37),(4767,392,38),(4768,393,39),(4769,393,40),(4770,394,41),(4771,394,42),(4772,395,43),(4773,395,44),(4774,396,45),(4775,396,46),(4776,397,47),(4777,397,48),(4778,398,49),(4779,398,50),(4780,399,51),(4781,399,52),(4782,400,53),(4783,400,54),(4784,401,55),(4785,401,56),(4786,402,57),(4787,402,58),(4788,403,59),(4789,403,60),(4790,404,61),(4791,404,62),(4792,405,63),(4793,405,64),(4794,406,65),(4795,406,66),(4796,407,67),(4797,407,68),(4798,408,69),(4799,408,70),(4800,409,71),(4801,409,72),(4802,410,73),(4803,410,74),(4804,411,75),(4805,411,76),(4806,412,77),(4807,412,78),(4808,413,79),(4809,413,80),(4810,414,81),(4811,414,82),(4812,415,83),(4813,415,84),(4814,416,85),(4815,416,86),(4816,417,87),(4817,417,88),(4818,418,89),(4819,418,90),(4820,419,91),(4821,419,92),(4822,420,93),(4823,420,94),(4824,421,95),(4825,421,96),(4826,422,97),(4827,422,98),(4828,423,99),(4829,423,100),(4830,424,101),(4831,424,102),(4832,425,103),(4833,425,104),(4834,426,105),(4835,426,106),(4836,427,107),(4837,427,108),(4838,428,109),(4839,428,110),(4840,429,111),(4841,429,112),(4842,430,113),(4843,430,114),(4844,431,115),(4845,431,116),(4846,432,117),(4847,432,118),(4848,433,119),(4849,433,120),(4850,434,121),(4851,434,122),(4852,435,123),(4853,435,124),(4854,436,125),(4855,436,126),(4856,437,127),(4857,437,128),(4858,438,129),(4859,438,130),(4860,439,131),(4861,439,132),(4862,440,133),(4863,440,134),(4864,441,135),(4865,441,136),(4866,442,137),(4867,442,138),(4868,443,139),(4869,443,140),(4870,444,141),(4871,444,142),(4872,445,143),(4873,445,144),(4874,446,145),(4875,446,146),(4876,447,147),(4877,447,148),(4878,448,149),(4879,448,150),(4880,449,151),(4881,449,152),(4882,450,153),(4883,450,154),(4884,451,155),(4885,451,156),(4886,452,157),(4887,452,158),(4888,453,159),(4889,453,160),(4890,454,161),(4891,454,162),(4892,455,163),(4893,455,164),(4894,456,165),(4895,456,166),(4896,457,167),(4897,457,168),(4898,458,169),(4899,458,170),(4900,459,171),(4901,459,172),(4902,460,173),(4903,460,174),(4904,461,175),(4905,461,176),(4906,462,177),(4907,462,178),(4908,463,179),(4909,463,180),(4910,464,181),(4911,464,182),(4912,465,183),(4913,465,184),(4914,466,185),(4915,466,186),(4916,467,187),(4917,467,188),(4918,468,189),(4919,468,190),(4920,469,191),(4921,469,192),(4922,470,193),(4923,470,194),(4924,471,195),(4925,471,196),(4926,472,197),(4927,472,198),(4928,473,199),(4929,473,200),(4930,474,201),(4931,474,202),(4932,475,203),(4933,475,204),(4934,476,205),(4935,476,206),(4936,477,207),(4937,477,208),(4938,478,209),(4939,478,210),(4940,479,211),(4941,479,212),(4942,480,213),(4943,480,214),(4944,481,215),(4945,481,216),(4946,482,217),(4947,482,218),(4948,483,219),(4949,483,220),(4950,484,221),(4951,484,222),(4952,485,223),(4953,485,224),(4954,486,225),(4955,486,226),(4956,487,227),(4957,487,228),(4958,488,229),(4959,488,230),(4960,489,231),(4961,489,232),(4962,490,233),(4963,490,234),(4964,491,235),(4965,491,236),(4966,492,237),(4967,492,238),(4968,493,239),(4969,493,240),(4970,494,241),(4971,494,242),(4972,495,243),(4973,495,244),(4974,496,245),(4975,496,246),(4976,497,247),(4977,497,248),(4978,498,249),(4979,498,250),(4980,499,251),(4981,499,252),(4982,500,253),(4983,500,254),(4984,501,255),(4985,501,256),(4986,502,257),(4987,502,258),(4988,503,259),(4989,503,260),(4990,504,261),(4991,504,262),(4992,505,263),(4993,505,264),(4994,506,265),(4995,506,266),(4996,507,267),(4997,507,268),(4998,508,269),(4999,508,270),(5000,509,271),(5001,509,272),(5002,510,273),(5003,510,274),(5004,511,275),(5005,511,276),(5006,512,277),(5007,512,278),(5008,513,279),(5009,513,280),(5010,514,281),(5011,514,282),(5012,515,283),(5013,515,284),(5014,516,285),(5015,516,286),(5016,517,287),(5017,517,288),(5018,518,289),(5019,518,290),(5020,519,291),(5021,519,292),(5022,520,293),(5023,520,294),(5024,521,295),(5025,521,296),(5026,522,297),(5027,522,298),(5028,523,299),(5029,523,300),(5030,524,301),(5031,524,302),(5032,525,303),(5033,525,304),(5034,526,305),(5035,526,306),(5036,527,307),(5037,527,308),(5038,528,309),(5039,528,310),(5040,529,311),(5041,529,312),(5042,530,313),(5043,530,314),(5044,531,315),(5045,531,316),(5046,532,317),(5047,532,318),(5048,533,319),(5049,533,320),(5050,534,321),(5051,534,322),(5052,535,323),(5053,535,324),(5054,536,325),(5055,536,326),(5056,537,327),(5057,537,328),(5058,538,329),(5059,538,330),(5060,539,331),(5061,539,332),(5062,540,333),(5063,540,334),(5064,541,335),(5065,541,336),(5066,542,337),(5067,542,338),(5068,543,339),(5069,543,340),(5070,544,341),(5071,544,342),(5072,545,343),(5073,545,344),(5074,546,345),(5075,546,346),(5076,547,1),(5077,547,2),(5078,548,3),(5079,548,4),(5080,549,5),(5081,549,6),(5082,550,7),(5083,550,8),(5084,551,9),(5085,551,10),(5086,552,11),(5087,552,12),(5088,553,13),(5089,553,14),(5090,554,15),(5091,554,16),(5092,555,17),(5093,555,18),(5094,556,19),(5095,556,20),(5096,557,21),(5097,557,22),(5098,558,23),(5099,558,24),(5100,559,25),(5101,559,26),(5102,560,27),(5103,560,28),(5104,561,29),(5105,561,30),(5106,562,31),(5107,562,32),(5108,563,33),(5109,563,34),(5110,564,35),(5111,564,36),(5112,565,37),(5113,565,38),(5114,566,39),(5115,566,40),(5116,567,41),(5117,567,42),(5118,568,43),(5119,568,44),(5120,569,45),(5121,569,46),(5122,570,47),(5123,570,48),(5124,571,49),(5125,571,50),(5126,572,51),(5127,572,52),(5128,573,53),(5129,573,54),(5130,574,55),(5131,574,56),(5132,575,57),(5133,575,58),(5134,576,59),(5135,576,60),(5136,577,61),(5137,577,62),(5138,578,63),(5139,578,64),(5140,579,65),(5141,579,66),(5142,580,67),(5143,580,68),(5144,581,69),(5145,581,70),(5146,582,71),(5147,582,72),(5148,583,73),(5149,583,74),(5150,584,75),(5151,584,76),(5152,585,77),(5153,585,78),(5154,586,79),(5155,586,80),(5156,587,81),(5157,587,82),(5158,588,83),(5159,588,84),(5160,589,85),(5161,589,86),(5162,590,87),(5163,590,88),(5164,591,89),(5165,591,90),(5166,592,91),(5167,592,92),(5168,593,93),(5169,593,94),(5170,594,95),(5171,594,96),(5172,595,97),(5173,595,98),(5174,596,99),(5175,596,100),(5176,597,101),(5177,597,102),(5178,598,103),(5179,598,104),(5180,599,105),(5181,599,106),(5182,600,107),(5183,600,108),(5520,601,109),(5521,601,110),(5718,602,111),(5719,602,112),(5720,603,113),(5721,603,114),(5722,604,115),(5723,604,116),(5724,605,117),(5725,605,118),(5726,606,119),(5727,606,120),(5728,607,121),(5729,607,122),(5730,608,123),(5731,608,124),(5732,609,125),(5733,609,126),(5734,610,127),(5735,610,128),(5736,611,129),(5737,611,130),(5738,612,131),(5739,612,132),(5740,613,133),(5741,613,134),(5742,614,135),(5743,614,136),(5744,615,137),(5745,615,138),(5746,616,139),(5747,616,140),(5748,617,141),(5749,617,142),(5750,618,143),(5751,618,144),(5752,619,145),(5753,619,146),(5754,620,147),(5755,620,148),(5756,621,149),(5757,621,150),(5758,622,151),(5759,622,152),(5760,623,153),(5761,623,154),(5762,624,155),(5763,624,156),(5764,625,157),(5765,625,158),(5766,626,159),(5767,626,160),(5768,627,161),(5769,627,162),(5770,628,163),(5771,628,164),(5772,629,165),(5773,629,166),(5774,630,167),(5775,630,168),(5776,631,169),(5777,631,170),(5778,632,171),(5779,632,172),(5780,633,173),(5781,633,174),(5782,634,175),(5783,634,176),(5784,635,177),(5785,635,178),(5873,636,179),(5878,636,180),(5879,637,181);
/*!40000 ALTER TABLE `prescription_drugs` ENABLE KEYS */;
UNLOCK TABLES;

--
-- Table structure for table `prescriptions`
--

DROP TABLE IF EXISTS `prescriptions`;
/*!40101 SET @saved_cs_client     = @@character_set_client */;
/*!50503 SET character_set_client = utf8mb4 */;
CREATE TABLE `prescriptions` (
  `id` int NOT NULL AUTO_INCREMENT,
  `doctor_id` int DEFAULT NULL,
  `patient_id` int DEFAULT NULL,
  `location_id` int DEFAULT NULL,
  PRIMARY KEY (`id`),
  KEY `doctor_id` (`doctor_id`),
  KEY `patient_id` (`patient_id`),
  KEY `location_id` (`location_id`),
  CONSTRAINT `prescriptions_ibfk_1` FOREIGN KEY (`doctor_id`) REFERENCES `doctors` (`id`),
  CONSTRAINT `prescriptions_ibfk_2` FOREIGN KEY (`patient_id`) REFERENCES `patients` (`id`),
  CONSTRAINT `prescriptions_ibfk_3` FOREIGN KEY (`location_id`) REFERENCES `locations` (`id`)
) ENGINE=InnoDB AUTO_INCREMENT=1001 DEFAULT CHARSET=utf8mb4 COLLATE=utf8mb4_0900_ai_ci;
/*!40101 SET character_set_client = @saved_cs_client */;

--
-- Dumping data for table `prescriptions`
--

LOCK TABLES `prescriptions` WRITE;
/*!40000 ALTER TABLE `prescriptions` DISABLE KEYS */;
INSERT INTO `prescriptions` VALUES (1,1,1,1),(2,1,2,2),(3,1,3,3),(4,1,4,4),(5,1,5,5),(6,2,6,6),(7,2,7,7),(8,2,8,8),(9,2,9,9),(10,2,10,10),(11,3,11,11),(12,3,12,12),(13,3,13,13),(14,3,14,14),(15,3,15,15),(16,4,16,16),(17,4,17,17),(18,4,18,18),(19,4,19,19),(20,4,20,20),(21,5,21,21),(22,5,22,22),(23,5,23,23),(24,5,24,24),(25,5,25,25),(26,6,26,26),(27,6,27,27),(28,6,28,28),(29,6,29,29),(30,6,30,30),(31,7,31,31),(32,7,32,32),(33,7,33,33),(34,7,34,34),(35,7,35,35),(36,8,36,36),(37,8,37,37),(38,8,38,38),(39,8,39,39),(40,8,40,40),(41,9,41,41),(42,9,42,42),(43,9,43,43),(44,9,44,44),(45,9,45,45),(46,10,46,46),(47,10,47,47),(48,10,48,48),(49,10,49,49),(50,10,50,50),(51,11,1,51),(52,11,2,52),(53,11,3,53),(54,11,4,54),(55,11,5,55),(56,12,6,56),(57,12,7,57),(58,12,8,58),(59,12,9,59),(60,12,10,60),(61,13,11,61),(62,13,12,62),(63,13,13,63),(64,13,14,64),(65,13,15,1),(66,14,16,2),(67,14,17,3),(68,14,18,4),(69,14,19,5),(70,14,20,6),(71,15,21,7),(72,15,22,8),(73,15,23,9),(74,15,24,10),(75,15,25,11),(76,16,26,12),(77,16,27,13),(78,16,28,14),(79,16,29,15),(80,16,30,16),(81,17,31,17),(82,17,32,18),(83,17,33,19),(84,17,34,20),(85,17,35,21),(86,18,36,22),(87,18,37,23),(88,18,38,24),(89,18,39,25),(90,18,40,26),(91,19,41,27),(92,19,42,28),(93,19,43,29),(94,19,44,30),(95,19,45,31),(96,20,46,32),(97,20,47,33),(98,20,48,34),(99,20,49,35),(100,20,50,36),(101,21,1,37),(102,21,2,38),(103,21,3,39),(104,21,4,40),(105,21,5,41),(106,22,6,42),(107,22,7,43),(108,22,8,44),(109,22,9,45),(110,22,10,46),(111,23,11,47),(112,23,12,48),(113,23,13,49),(114,23,14,50),(115,23,15,51),(116,24,16,52),(117,24,17,53),(118,24,18,54),(119,24,19,55),(120,24,20,56),(121,25,21,57),(122,25,22,58),(123,25,23,59),(124,25,24,60),(125,25,25,61),(126,26,26,62),(127,26,27,63),(128,26,28,64),(129,26,29,1),(130,26,30,2),(131,27,31,3),(132,27,32,4),(133,27,33,5),(134,27,34,6),(135,27,35,7),(136,28,36,8),(137,28,37,9),(138,28,38,10),(139,28,39,11),(140,28,40,12),(141,29,41,13),(142,29,42,14),(143,29,43,15),(144,29,44,16),(145,29,45,17),(146,30,46,18),(147,30,47,19),(148,30,48,20),(149,30,49,21),(150,30,50,22),(151,31,1,23),(152,31,2,24),(153,31,3,25),(154,31,4,26),(155,31,5,27),(156,32,6,28),(157,32,7,29),(158,32,8,30),(159,32,9,31),(160,32,10,32),(161,33,11,33),(162,33,12,34),(163,33,13,35),(164,33,14,36),(165,33,15,37),(166,34,16,38),(167,34,17,39),(168,34,18,40),(169,34,19,41),(170,34,20,42),(171,35,21,43),(172,35,22,44),(173,35,23,45),(174,35,24,46),(175,35,25,47),(176,36,26,48),(177,36,27,49),(178,36,28,50),(179,36,29,51),(180,36,30,52),(181,37,31,53),(182,37,32,54),(183,37,33,55),(184,37,34,56),(185,37,35,57),(186,38,36,58),(187,38,37,59),(188,38,38,60),(189,38,39,61),(190,38,40,62),(191,39,41,63),(192,39,42,64),(193,39,43,1),(194,39,44,2),(195,39,45,3),(196,40,46,4),(197,40,47,5),(198,40,48,6),(199,40,49,7),(200,40,50,8),(201,1,2,3),(202,4,5,6),(203,7,8,9),(204,10,11,12),(205,13,14,15),(206,16,17,18),(207,19,20,21),(208,22,23,24),(209,25,26,27),(210,28,29,30),(211,31,32,33),(212,34,35,36),(213,37,38,39),(214,40,41,42),(215,43,44,45),(216,46,47,48),(217,49,50,51),(218,52,53,54),(219,55,56,57),(220,58,59,60),(221,61,62,63),(222,2,3,4),(223,5,6,7),(224,8,9,10),(225,11,12,13),(226,14,15,16),(227,17,18,19),(228,20,21,22),(229,23,24,25),(230,26,27,28),(231,29,30,31),(232,32,33,34),(233,35,36,37),(234,38,39,40),(235,41,42,43),(236,44,45,46),(237,47,48,49),(238,50,51,52),(239,53,54,55),(240,56,57,58),(241,59,60,61),(242,3,4,5),(243,6,7,8),(244,9,10,11),(245,12,13,14),(246,15,16,17),(247,18,19,20),(248,21,22,23),(249,24,25,26),(250,27,28,29),(251,30,31,32),(252,33,34,35),(253,36,37,38),(254,39,40,41),(255,42,43,44),(256,45,46,47),(257,48,49,50),(258,51,52,53),(259,54,55,56),(260,57,58,59),(261,60,61,62),(262,4,5,6),(263,7,8,9),(264,10,11,12),(265,13,14,15),(266,16,17,18),(267,19,20,21),(268,22,23,24),(269,25,26,27),(270,28,29,30),(271,31,32,33),(272,34,35,36),(273,37,38,39),(274,40,41,42),(275,43,44,45),(276,46,47,48),(277,49,50,51),(278,52,53,54),(279,55,56,57),(280,58,59,60),(281,61,62,63),(282,5,6,7),(283,8,9,10),(284,11,12,13),(285,14,15,16),(286,17,18,19),(287,20,21,22),(288,23,24,25),(289,26,27,28),(290,29,30,31),(291,32,33,34),(292,35,36,37),(293,38,39,40),(294,41,42,43),(295,44,45,46),(296,2,3,4),(297,5,6,7),(298,8,9,10),(299,11,12,13),(300,14,15,16),(301,17,18,19),(302,20,21,22),(303,23,24,25),(304,26,27,28),(305,29,30,31),(306,32,33,34),(307,35,36,37),(308,38,39,40),(309,41,42,43),(310,44,45,46),(311,47,48,49),(312,50,51,52),(313,53,54,55),(314,56,57,58),(315,59,60,61),(316,3,4,5),(317,6,7,8),(318,9,10,11),(319,12,13,14),(320,15,16,17),(321,18,19,20),(322,21,22,23),(323,24,25,26),(324,27,28,29),(325,30,31,32),(326,33,34,35),(327,36,37,38),(328,39,40,41),(329,42,43,44),(330,45,46,47),(331,48,49,50),(332,51,52,53),(333,54,55,56),(334,57,58,59),(335,60,61,62),(336,4,5,6),(337,7,8,9),(338,10,11,12),(339,13,14,15),(340,16,17,18),(341,19,20,21),(342,22,23,24),(343,25,26,27),(344,28,29,30),(345,31,32,33),(346,34,35,36),(347,37,38,39),(348,40,41,42),(349,43,44,45),(350,46,47,48),(351,49,50,51),(352,52,53,54),(353,55,56,57),(354,58,59,60),(355,61,62,63),(356,5,6,7),(357,8,9,10),(358,11,12,13),(359,14,15,16),(360,17,18,19),(361,20,21,22),(362,23,24,25),(363,26,27,28),(364,29,30,31),(365,32,33,34),(366,35,36,37),(367,38,39,40),(368,41,42,43),(369,44,45,46),(370,47,48,49),(371,50,51,52),(372,53,54,55),(373,56,57,58),(374,59,60,61),(375,6,7,8),(376,9,10,11),(377,12,13,14),(378,15,16,17),(379,18,19,20),(380,21,22,23),(381,24,25,26),(382,27,28,29),(383,30,31,32),(384,33,34,35),(385,36,37,38),(386,39,40,41),(387,42,43,44),(388,45,46,47),(389,48,49,50),(390,51,52,53),(391,54,55,56),(392,57,58,59),(393,60,61,62),(394,61,60,62),(395,60,59,61),(396,59,58,60),(397,58,57,59),(398,57,56,58),(399,56,55,57),(400,55,54,56),(401,54,53,55),(402,53,52,54),(403,52,51,53),(404,51,50,52),(405,50,49,51),(406,49,48,50),(407,48,47,49),(408,47,46,48),(409,46,45,47),(410,45,44,46),(411,44,43,45),(412,43,42,44),(413,42,41,43),(414,41,40,42),(415,40,39,41),(416,39,38,40),(417,38,37,39),(418,37,36,38),(419,36,35,37),(420,35,34,36),(421,34,33,35),(422,33,32,34),(423,32,31,33),(424,31,30,32),(425,30,29,31),(426,29,28,30),(427,28,27,29),(428,27,26,28),(429,26,25,27),(430,25,24,26),(431,24,23,25),(432,23,22,24),(433,22,21,23),(434,21,20,22),(435,20,19,21),(436,19,18,20),(437,18,17,19),(438,17,16,18),(439,16,15,17),(440,15,14,16),(441,14,13,15),(442,13,12,14),(443,12,11,13),(444,11,10,12),(445,10,9,11),(446,9,8,10),(447,8,7,9),(448,7,6,8),(449,6,5,7),(450,5,4,6),(451,4,3,5),(452,3,2,4),(453,2,1,3),(454,1,2,4),(455,61,60,3),(456,60,59,2),(457,59,58,1),(458,58,57,64),(459,57,56,63),(460,56,55,62),(461,55,54,61),(462,54,53,60),(463,53,52,59),(464,52,51,58),(465,51,50,57),(466,50,49,56),(467,49,48,55),(468,48,47,54),(469,47,46,53),(470,46,45,52),(471,45,44,51),(472,44,43,50),(473,43,42,49),(474,42,41,48),(475,41,40,47),(476,40,39,46),(477,39,38,45),(478,38,37,44),(479,37,36,43),(480,36,35,42),(481,35,34,41),(482,34,33,40),(483,33,32,39),(484,32,31,38),(485,31,30,37),(486,30,29,36),(487,29,28,35),(488,28,27,34),(489,27,26,33),(490,26,25,32),(491,25,24,31),(492,24,23,30),(493,23,22,29),(494,22,21,28),(495,21,20,27),(496,20,19,26),(497,19,18,25),(498,18,17,24),(499,17,16,23),(500,16,15,22),(501,15,14,21),(502,14,13,20),(503,13,12,19),(504,12,11,18),(505,11,10,17),(506,10,9,16),(507,9,8,15),(508,8,7,14),(509,7,6,13),(510,6,5,12),(511,5,4,11),(512,4,3,10),(513,3,2,9),(514,2,1,8),(515,1,2,7),(516,61,60,6),(517,60,59,5),(518,59,58,4),(519,58,57,3),(520,57,56,2),(521,56,55,1),(522,55,54,64),(523,54,53,63),(524,53,52,62),(525,52,51,61),(526,51,50,60),(527,50,49,59),(528,49,48,58),(529,48,47,57),(530,47,46,56),(531,46,45,55),(532,45,44,54),(533,44,43,53),(534,43,42,52),(535,42,41,51),(536,41,40,50),(537,40,39,49),(538,39,38,48),(539,38,37,47),(540,37,36,46),(541,36,35,45),(542,35,34,44),(543,34,33,43),(544,33,32,42),(545,32,31,41),(546,31,30,40),(547,30,29,39),(548,29,28,38),(549,28,27,37),(550,27,26,36),(551,26,25,35),(552,25,24,34),(553,24,23,33),(554,23,22,32),(555,22,21,31),(556,21,20,30),(557,20,19,29),(558,19,18,28),(559,18,17,27),(560,17,16,26),(561,16,15,25),(562,15,14,24),(563,14,13,23),(564,13,12,22),(565,12,11,21),(566,11,10,20),(567,10,9,19),(568,9,8,18),(569,8,7,17),(570,7,6,16),(571,6,5,15),(572,5,4,14),(573,4,3,13),(574,3,2,12),(575,2,1,11),(576,1,2,10),(577,61,60,9),(578,60,59,8),(579,59,58,7),(580,58,57,6),(581,57,56,5),(582,56,55,4),(583,55,54,3),(584,54,53,2),(585,53,52,1),(586,52,51,64),(587,51,50,63),(588,50,49,62),(589,49,48,61),(590,48,47,60),(591,47,46,59),(592,46,45,58),(593,45,44,57),(594,44,43,56),(595,43,42,55),(596,42,41,54),(597,41,40,53),(598,40,39,52),(599,39,38,51),(600,38,37,50),(601,37,36,49),(602,36,35,48),(603,35,34,47),(604,34,33,46),(605,33,32,45),(606,32,31,44),(607,31,30,43),(608,30,29,42),(609,29,28,41),(610,28,27,40),(611,27,26,39),(612,26,25,38),(613,25,24,37),(614,24,23,36),(615,23,22,35),(616,22,21,34),(617,21,20,33),(618,20,19,32),(619,19,18,31),(620,18,17,30),(621,17,16,29),(622,16,15,28),(623,15,14,27),(624,14,13,26),(625,13,12,25),(626,12,11,24),(627,11,10,23),(628,10,9,22),(629,9,8,21),(630,8,7,20),(631,7,6,19),(632,6,5,18),(633,5,4,17),(634,4,3,16),(635,3,2,15),(636,2,1,14),(637,1,2,13),(818,60,61,60),(819,61,60,59),(820,60,59,58),(821,59,58,57),(822,58,57,56),(823,57,56,55),(824,56,55,54),(825,55,54,53),(826,54,53,52),(827,53,52,51),(828,52,51,50),(829,51,50,49),(830,50,49,48),(831,49,48,47),(832,48,47,46),(833,47,46,45),(834,46,45,44),(835,45,44,43),(836,44,43,42),(837,43,42,41),(838,42,41,40),(839,41,40,39),(840,40,39,38),(841,39,38,37),(842,38,37,36),(843,37,36,35),(844,36,35,34),(845,35,34,33),(846,34,33,32),(847,33,32,31),(848,32,31,30),(849,31,30,29),(850,30,29,28),(851,29,28,27),(852,28,27,26),(853,27,26,25),(854,26,25,24),(855,25,24,23),(856,24,23,22),(857,23,22,21),(858,22,21,20),(859,21,20,19),(860,20,19,18),(861,19,18,17),(862,18,17,16),(863,17,16,15),(864,16,15,14),(865,15,14,13),(866,14,13,12),(867,13,12,11),(868,12,11,10),(869,11,10,9),(870,10,9,8),(871,9,8,7),(872,8,7,6),(873,7,6,5),(874,6,5,4),(875,5,4,3),(876,4,3,2),(877,3,2,1),(878,2,1,60),(879,1,2,59),(880,8,3,58),(881,61,4,57),(882,60,5,56),(883,59,6,55),(884,58,7,54),(885,57,8,53),(886,56,9,52),(887,55,10,51),(888,54,11,50),(889,53,12,49),(890,52,13,48),(891,51,14,47),(892,50,15,46),(893,49,16,45),(894,48,17,44),(895,47,18,43),(896,46,19,42),(897,45,20,41),(898,44,21,40),(899,43,22,39),(900,42,23,38),(901,41,24,37),(902,40,25,36),(903,39,26,35),(904,38,27,34),(905,37,28,33),(906,36,29,32),(907,35,30,31),(908,60,61,31),(909,61,60,30),(910,60,59,29),(911,59,58,28),(912,58,57,27),(913,57,56,26),(914,56,55,25),(915,55,54,24),(916,54,53,23),(917,53,52,22),(918,52,51,21),(919,51,50,20),(920,50,49,19),(921,49,48,18),(922,48,47,17),(923,47,46,16),(924,46,45,15),(925,45,44,14),(926,44,43,13),(927,43,42,12),(928,42,41,11),(929,41,40,10),(930,40,39,9),(931,39,38,8),(932,38,37,7),(933,37,36,6),(934,36,35,5),(935,35,34,4),(936,34,33,3),(937,33,32,2),(938,32,31,1),(939,31,30,60),(940,30,29,59),(941,29,28,58),(942,28,27,57),(943,27,26,56),(944,26,25,55),(945,25,24,54),(946,24,23,53),(947,23,22,52),(948,22,21,51),(949,21,20,50),(950,20,19,49),(951,19,18,48),(952,18,17,47),(953,17,16,46),(954,16,15,45),(955,15,14,44),(956,14,13,43),(957,13,12,42),(958,12,11,41),(959,11,10,40),(960,10,9,39),(961,9,8,38),(962,8,7,37),(963,7,6,36),(964,6,5,35),(965,5,4,34),(966,4,3,33),(967,3,2,32),(968,2,1,31),(969,1,2,60),(970,2,3,59),(971,3,4,58),(972,4,5,57),(973,5,6,56),(974,6,7,55),(975,7,8,54),(976,8,9,53),(977,9,10,52),(978,10,11,51),(979,11,12,50),(980,12,13,49),(981,13,14,48),(982,14,15,47),(983,15,16,46),(984,16,17,45),(985,17,18,44),(986,18,19,43),(987,19,20,42),(988,20,21,41),(989,21,22,40),(990,22,23,39),(991,23,24,38),(992,24,25,37),(993,25,26,36),(994,26,27,35),(995,27,28,34),(996,28,29,33),(997,29,30,32),(998,30,31,31),(999,33,2,31),(1000,12,7,6);
/*!40000 ALTER TABLE `prescriptions` ENABLE KEYS */;
UNLOCK TABLES;

--
-- Table structure for table `users`
--

DROP TABLE IF EXISTS `users`;
/*!40101 SET @saved_cs_client     = @@character_set_client */;
/*!50503 SET character_set_client = utf8mb4 */;
CREATE TABLE `users` (
  `id` bigint NOT NULL AUTO_INCREMENT,
  `firstname` varchar(255) DEFAULT NULL,
  `lastname` varchar(255) DEFAULT NULL,
  `username` varchar(255) NOT NULL,
  `password` varchar(255) NOT NULL,
  `role` enum('ROLE_USER','USER','ROLE_ADMIN') DEFAULT NULL,
  PRIMARY KEY (`id`),
  UNIQUE KEY `email` (`username`)
) ENGINE=InnoDB AUTO_INCREMENT=29 DEFAULT CHARSET=utf8mb4 COLLATE=utf8mb4_0900_ai_ci;
/*!40101 SET character_set_client = @saved_cs_client */;

--
-- Dumping data for table `users`
--

LOCK TABLES `users` WRITE;
/*!40000 ALTER TABLE `users` DISABLE KEYS */;
INSERT INTO `users` VALUES (1,'farhan','jack','farhanjack','$2a$10$U5.TUCJjxbrhXwP4dN8JAu1cEM8/yNZ9N7LYvlPNvWk9xPGxUE.gy','USER'),(2,'roney','jack','roneyjack','$2a$10$c/YuwVlKVbn0lQfrxLVM1.zdR.yrEyrbRYWDh2oLY64ZWbGxogqha','USER'),(3,'jack','pritom','jackpritom','$2a$10$AWmBUDpnjIF/T2IVBMXE..xYTTl3c0hWdlZ9iYw6/eR2irY0Xo1H2','USER'),(4,'rana','pritom','ranapritom','$2a$10$uRVSkTECv/a.nl6CHErpM.DRQQWS9Q.KHoBTc582L1PA01M7tRfp.','USER'),(5,'rana','pritom','raom','$2a$10$tJiXA2MqWBH4uWCrrjmSuOJeAQF/J6t6rn4SF1F4oPnoQIkmCpgWm','USER'),(6,'rana','pritom','kolla1234','$2a$10$.vJyfImlJjelCPg0Cb1rneP5U0/rYEB8VuXvGl6g3F2W2chsbCJ3m','USER'),(7,'kala','pritom','kolla','$2a$10$Ed7KwO7XT1C2An5GsHWNr.E6HWxo5RSuUUMy9eLKRrUKCQU0mssti','USER'),(8,'kala','pritom','kallks3','$2a$10$xRk1gCPwOnrVactC.gZU4O0dJN5dBoLimcg73CBOA3UekPC.K4dey','USER'),(9,'kala','pritom','gfgfg','$2a$10$/UAylFNcwVNyAkkvH6/rDuZLxPc9Q8ogreSinABb2locToICJ34sa','USER'),(10,'kala','pritom','jfjfjf','$2a$10$gWWazAf3DNWgx/I5sm6bIuPvmnH1k5s1rcpxgyNGvkr5d/1h8Db2u','USER'),(11,'rko','jack','rko123','$2a$10$QsknzCHVuih66sMfRuRxT.eAkpq/YvD2HvVYtGkrCwskfOPBSCq4W','USER'),(12,'rko','jack','rkojack','$2a$10$Z1ilcjsjxmpV125nlDavYO.HgAt2ytmQLSjj6tobJURqfe51drdjC','USER'),(13,'roney','khan','roneykhan','$2a$10$.lt/7RBmDVvbLco33sZtVOXSd1hqr0UEtNV29IEzkbilpEAa2dyQC','USER'),(14,'roney','khan','rjf123','$2a$10$DFd4ycqzB0uL8v5hlhZhaOATrpSZZn42lXrdY2ckEoJqRIwksZO.S','USER'),(15,'jalal','khan','jalal','$2a$10$gGP/Qdrz57vsJp6L2Q7mruDTCHI.akn2vOlSm92Q2EjwSltzenili','USER'),(16,'zakir','khan','zakir123','$2a$10$cxBmEMSm94qWKJpzF0exd.piZBzY0arbTSb/Hb2xnX88T0gVbgdN.','USER'),(19,'zakir','khan','tamim123','$2a$10$i/ahrY5b44mnUEEWIA49GucyKm5LdgySVMtqunjLeELW899hv/HSO','USER'),(20,'zakir','khan','kamal123','$2a$10$nOE2iTfjV92hq2T.ucE.LO8mHGwHh4V5LAG5XV22Fjw8GNUIdecRu','USER'),(22,'zakir','khan','sahin123','$2a$10$ExaBnJfDGAP6RZLg9fjIIuo4QMRl9jwht1D4DGq58UAsgIgmXzzsy','USER'),(23,'zakir','khan','lackman123','$2a$10$PlJKhNt6JquNlOl3MUHd6eWGOKlTTZ/lgflQvnMai.rk9wV4YLMS2','USER'),(24,'zakir','khan','rakib1234566','$2a$10$/bXWy//e5ujKrMaOkru/BusPrhg11UbRDGnNpJ6mZxHeAvGlcCOcS','USER'),(25,'zakir','khan','akibul123','$2a$10$1W0lciHEzX0pU/bZvTDTb.b0oPE8m7clUlJzAGT/tp8CIxwfqSRTi','USER'),(26,'zakir','khan','jakir123','$2a$10$6TaRE2KUnV5m5b3usesn6OjZAuDiwgMUSwYf5r.6IKnxcGO4l37ne','USER'),(27,'sawon','khan','sawon123','$2a$10$P3503afKtZHa6Mwhp3.j/.CWOQ5e1H7V6XXfTaEEZ/uAvLsW0h.Da','USER'),(28,'Square','Health','square','$2a$10$xJFbp3MtZFvr/cAV0UC2iONGB9kEq6bSJCSqN2FboCNYYoD4BgIDm','USER');
/*!40000 ALTER TABLE `users` ENABLE KEYS */;
UNLOCK TABLES;

--
-- Table structure for table `vendors`
--

DROP TABLE IF EXISTS `vendors`;
/*!40101 SET @saved_cs_client     = @@character_set_client */;
/*!50503 SET character_set_client = utf8mb4 */;
CREATE TABLE `vendors` (
  `id` int NOT NULL AUTO_INCREMENT,
  `name` varchar(255) NOT NULL,
  PRIMARY KEY (`id`)
) ENGINE=InnoDB AUTO_INCREMENT=12 DEFAULT CHARSET=utf8mb4 COLLATE=utf8mb4_0900_ai_ci;
/*!40101 SET character_set_client = @saved_cs_client */;

--
-- Dumping data for table `vendors`
--

LOCK TABLES `vendors` WRITE;
/*!40000 ALTER TABLE `vendors` DISABLE KEYS */;
INSERT INTO `vendors` VALUES (1,'ACI Limited'),(2,'ACME Laboratories Ltd'),(3,'Beximco Pharmaceuticals Ltd'),(4,'Square Pharmaceuticals PLC'),(5,'Renata Limited'),(6,'Alco Pharma Ltd'),(7,'Allied Pharmaceuticals-Ltd'),(8,'Ambee Pharmaceuticals-Ltd'),(9,'Amico Laboratories-Ltd'),(10,'Amulet Pharmaceuticals-Ltd'),(11,'APC Pharma Ltd');
/*!40000 ALTER TABLE `vendors` ENABLE KEYS */;
UNLOCK TABLES;
/*!40103 SET TIME_ZONE=@OLD_TIME_ZONE */;

/*!40101 SET SQL_MODE=@OLD_SQL_MODE */;
/*!40014 SET FOREIGN_KEY_CHECKS=@OLD_FOREIGN_KEY_CHECKS */;
/*!40014 SET UNIQUE_CHECKS=@OLD_UNIQUE_CHECKS */;
/*!40101 SET CHARACTER_SET_CLIENT=@OLD_CHARACTER_SET_CLIENT */;
/*!40101 SET CHARACTER_SET_RESULTS=@OLD_CHARACTER_SET_RESULTS */;
/*!40101 SET COLLATION_CONNECTION=@OLD_COLLATION_CONNECTION */;
/*!40111 SET SQL_NOTES=@OLD_SQL_NOTES */;

-- Dump completed on 2024-06-04 11:19:56
